date,aqi,value
1999-08-16,77,23.1
1999-10-27,67,17.7
1999-12-02,48,8.6
2000-01-31,57,12.4
2000-02-06,68,18.0
2000-02-18,55,11.4
2000-03-07,57,12.1
2000-03-13,57,12.3
2000-03-19,38,6.9
2000-04-06,40,7.2
2000-04-18,58,12.6
2000-04-24,58,13.1
2000-04-30,68,18.0
2000-05-12,64,16.0
2000-05-15,61,14.2
2000-05-16,59,13.6
2000-05-17,52,9.9
2000-05-18,61,14.6
2000-05-19,53,10.3
2000-05-20,40,7.2
2000-05-22,55,11.5
2000-05-23,43,7.8
2000-05-24,53,10.3
2000-05-25,62,15.2
2000-05-26,65,16.7
2000-05-27,58,12.6
2000-05-28,62,14.9
2000-05-29,59,13.5
2000-05-31,67,17.9
2000-06-01,69,18.8
2000-06-02,63,15.4
2000-06-04,53,10.4
2000-06-05,47,8.4
2000-06-06,60,13.7
2000-06-08,74,21.7
2000-06-09,54,10.7
2000-06-10,55,11.3
2000-06-11,52,9.6
2000-06-12,61,14.7
2000-06-13,52,9.6
2000-06-14,54,10.8
2000-06-15,33,6.0
2000-06-23,65,16.5
2000-07-11,73,20.7
2000-07-12,61,14.7
2000-07-14,63,15.5
2000-07-15,66,17.2
2000-07-16,59,13.3
2000-07-17,59,13.6
2000-07-18,53,10.1
2000-07-19,50,9.0
2000-07-20,68,18.1
2000-07-22,52,9.9
2000-07-23,52,9.5
2000-07-24,75,22.2
2000-07-25,81,25.0
2000-07-26,79,24.3
2000-07-27,73,21.1
2000-07-28,52,9.7
2000-07-29,36,6.5
2000-07-30,34,6.2
2000-08-01,59,13.2
2000-08-02,58,12.8
2000-08-03,54,10.7
2000-08-04,52,9.8
2000-08-05,56,11.6
2000-08-06,54,10.6
2000-08-07,60,13.8
2000-08-08,52,9.5
2000-08-10,58,12.6
2000-08-11,55,11.5
2000-08-17,69,19.0
2000-08-18,71,20.1
2000-08-19,83,26.1
2000-08-20,65,16.6
2000-08-21,67,17.6
2000-08-25,53,10.0
2000-08-26,55,11.5
2000-08-27,52,9.6
2000-08-28,55,11.1
2000-08-29,55,11.0
2000-08-30,44,7.9
2000-08-31,60,13.7
2000-09-01,64,16.1
2000-09-02,65,16.6
2000-09-03,60,13.7
2000-09-04,69,18.7
2000-09-05,84,27.0
2000-09-06,121,43.6
2000-09-07,61,14.4
2000-09-08,59,13.3
2000-09-09,52,9.5
2000-09-10,55,11.2
2000-09-11,53,10.1
2000-09-12,51,9.2
2000-09-13,42,7.5
2000-09-14,46,8.3
2000-09-15,58,13.1
2000-09-16,58,12.8
2000-09-17,62,15.1
2000-09-18,74,21.7
2000-09-19,76,22.6
2000-09-20,40,7.2
2000-09-22,41,7.3
2000-09-23,42,7.6
2000-09-24,33,6.0
2000-09-25,23,4.2
2000-09-26,37,6.7
2000-09-27,55,11.4
2000-09-28,67,17.7
2000-09-29,72,20.3
2000-09-30,90,30.2
2000-10-03,55,11.0
2000-10-06,48,8.7
2000-10-09,37,6.7
2000-10-12,79,24.2
2000-10-15,57,12.1
2000-10-18,66,17.1
2000-10-21,92,30.9
2000-10-24,99,34.7
2000-10-27,48,8.7
2000-10-30,67,17.5
2000-11-02,69,18.5
2000-11-11,73,21.0
2000-11-12,69,19.0
2000-11-14,49,8.9
2000-11-17,58,12.9
2000-11-20,67,17.7
2000-11-29,9,1.7
2000-12-02,52,9.6
2000-12-05,33,5.9
2000-12-08,69,19.0
2000-12-11,55,11.1
2000-12-14,63,15.7
2000-12-17,58,12.7
2000-12-20,53,10.4
2000-12-23,55,11.3
2000-12-29,42,7.5
2001-01-01,53,10.4
2001-01-04,66,17.4
2001-01-07,56,12.0
2001-01-10,54,10.7
2001-01-13,77,23.0
2001-01-16,36,6.5
2001-01-19,3,0.6
2001-01-25,86,27.9
2001-01-31,31,5.5
2001-02-03,3,0.6
2001-02-04,72,20.4
2001-02-06,55,11.3
2001-02-08,59,13.5
2001-02-09,43,7.7
2001-02-12,23,4.2
2001-02-15,76,22.3
2001-02-18,66,17.4
2001-02-21,3,0.6
2001-02-24,54,10.7
2001-02-27,57,12.3
2001-03-02,60,13.8
2001-03-05,8,1.4
2001-03-08,65,16.8
2001-03-09,59,13.5
2001-03-10,67,17.6
2001-03-11,64,15.9
2001-03-14,56,11.7
2001-03-17,43,7.8
2001-03-24,68,18.0
2001-03-27,66,17.1
2001-04-04,69,18.6
2001-04-07,57,12.3
2001-04-10,4,0.7
2001-04-19,55,11.4
2001-04-28,72,20.6
2001-05-01,61,14.2
2001-05-04,57,12.4
2001-05-07,55,11.2
2001-05-10,62,15.2
2001-05-13,55,11.1
2001-05-16,62,15.0
2001-05-19,41,7.4
2001-05-22,6,1.0
2001-05-25,59,13.6
2001-05-30,53,10.4
2001-05-31,42,7.5
2001-06-01,57,12.4
2001-06-03,51,9.2
2001-06-06,42,7.6
2001-06-09,25,4.5
2001-06-12,64,15.9
2001-06-15,55,11.4
2001-06-18,55,11.5
2001-06-21,66,17.2
2001-06-24,75,22.0
2001-06-27,2,0.3
2001-06-30,47,8.5
2001-07-01,52,9.7
2001-07-02,57,12.5
2001-07-03,65,16.5
2001-07-04,77,22.9
2001-07-05,55,11.1
2001-07-06,52,9.9
2001-07-07,55,11.3
2001-07-08,43,7.8
2001-07-09,49,8.9
2001-07-10,54,10.7
2001-07-11,54,10.5
2001-07-12,52,9.8
2001-07-13,66,17.2
2001-07-14,67,17.8
2001-07-16,70,19.4
2001-07-17,72,20.2
2001-07-18,66,17.1
2001-07-19,53,10.2
2001-07-20,60,13.9
2001-07-21,62,15.1
2001-07-22,58,12.6
2001-07-23,65,16.5
2001-07-24,60,13.9
2001-07-25,52,9.7
2001-07-26,51,9.3
2001-07-27,44,7.9
2001-07-28,37,6.6
2001-07-29,41,7.4
2001-07-30,48,8.7
2001-08-01,55,11.1
2001-08-02,62,15.2
2001-08-03,70,19.5
2001-08-05,89,29.3
2001-08-08,52,9.5
2001-08-11,39,7.0
2001-08-14,66,17.3
2001-08-17,56,12.0
2001-08-20,49,8.9
2001-08-23,75,22.0
2001-08-26,47,8.4
2001-08-29,33,6.0
2001-09-04,41,7.3
2001-09-10,43,7.7
2001-09-18,56,11.8
2001-09-19,53,10.0
2001-09-20,46,8.2
2001-09-25,49,8.9
2001-09-28,65,16.8
2001-10-01,68,18.0
2001-10-07,46,8.3
2001-10-09,58,13.0
2001-10-10,49,8.8
2001-10-11,32,5.7
2001-10-12,49,8.8
2001-10-13,27,4.9
2001-10-16,33,5.9
2001-10-21,72,20.2
2001-10-22,68,18.0
2001-10-23,55,11.5
2001-10-25,38,6.9
2001-10-28,63,15.3
2001-11-03,61,14.7
2001-11-06,77,23.0
2001-11-09,88,29.0
2001-11-12,122,44.0
2001-11-15,53,10.3
2001-11-21,66,16.9
2001-11-24,20,3.6
2001-11-28,33,6.0
2001-12-01,66,17.1
2001-12-02,70,19.4
2001-12-03,75,21.9
2001-12-08,32,5.8
2001-12-09,32,5.7
2001-12-12,51,9.3
2001-12-15,58,12.7
2001-12-18,60,13.9
2001-12-21,3,0.6
2001-12-24,59,13.2
2001-12-27,67,17.8
2002-01-11,55,11.4
2002-01-14,49,8.8
2002-01-20,61,14.4
2002-01-26,76,22.5
2002-01-29,55,11.4
2002-02-05,26,4.6
2002-02-06,29,5.2
2002-02-07,51,9.2
2002-02-10,36,6.5
2002-02-13,73,20.8
2002-02-17,74,21.4
2002-02-18,60,13.8
2002-02-19,53,10.2
2002-02-22,38,6.9
2002-02-28,58,12.9
2002-03-03,31,5.5
2002-03-06,51,9.3
2002-03-07,57,12.1
2002-03-09,31,5.5
2002-03-11,52,9.6
2002-03-12,61,14.4
2002-03-15,57,12.5
2002-03-18,60,13.8
2002-03-19,57,12.3
2002-03-21,52,9.8
2002-03-23,71,19.6
2002-03-24,54,10.5
2002-03-30,61,14.4
2002-03-31,52,9.7
2002-04-02,65,16.7
2002-04-05,57,12.5
2002-04-06,58,13.0
2002-04-08,31,5.6
2002-04-11,68,18.1
2002-04-12,64,15.9
2002-04-14,54,10.9
2002-04-24,53,10.2
2002-04-25,63,15.3
2002-04-26,58,12.7
2002-04-29,78,23.8
2002-05-02,71,19.8
2002-05-07,59,13.4
2002-05-08,58,12.9
2002-05-11,56,12.0
2002-05-12,56,11.8
2002-05-14,52,9.4
2002-05-17,46,8.2
2002-05-23,61,14.7
2002-05-25,61,14.2
2002-05-26,55,11.2
2002-06-01,55,11.3
2002-06-04,55,11.1
2002-06-07,73,20.7
2002-06-10,45,8.1
2002-06-13,52,9.8
2002-06-16,52,9.5
2002-06-19,56,11.6
2002-06-25,62,15.1
2002-06-28,54,10.5
2002-07-13,1,0.2
2002-07-16,31,5.5
2002-07-21,62,15.0
2002-07-22,54,10.7
2002-07-25,54,10.7
2002-07-28,49,8.9
2002-07-29,59,13.2
2002-07-31,70,19.4
2002-08-03,59,13.2
2002-08-04,66,17.1
2002-08-06,75,21.9
2002-08-09,66,17.4
2002-08-12,38,6.9
2002-08-18,0,0.0
2002-08-21,54,10.5
2002-08-24,49,8.8
2002-09-02,65,16.7
2002-09-05,55,11.3
2002-09-08,19,3.5
2002-09-14,92,30.9
2002-09-20,39,7.0
2002-09-23,63,15.3
2002-09-28,75,22.2
2002-09-29,70,19.5
2002-09-30,70,19.4
2002-10-04,41,7.3
2002-10-05,55,11.2
2002-10-06,52,9.6
2002-10-08,66,17.2
2002-10-09,35,6.3
2002-10-11,55,11.1
2002-10-20,38,6.8
2002-10-21,37,6.7
2002-10-23,19,3.5
2002-10-26,15,2.7
2002-11-01,49,8.8
2002-11-02,59,13.6
2002-11-04,25,4.5
2002-11-07,63,15.5
2002-11-10,58,13.0
2002-11-16,54,10.6
2002-11-19,60,14.1
2002-11-20,70,19.1
2002-11-22,60,13.7
2002-11-25,60,13.9
2002-11-26,52,9.6
2002-11-28,70,19.1
2002-12-03,58,12.7
2002-12-04,18,3.3
2002-12-05,42,7.5
2002-12-07,77,23.0
2002-12-08,64,16.2
2002-12-10,56,11.9
2002-12-13,32,5.7
2002-12-14,54,10.8
2002-12-16,36,6.5
2002-12-19,25,4.5
2002-12-22,58,13.0
2002-12-25,53,10.0
2002-12-28,84,26.7
2003-01-03,59,13.5
2003-01-06,61,14.3
2003-01-09,46,8.2
2003-01-12,46,8.2
2003-01-16,49,8.9
2003-01-17,29,5.3
2003-01-18,66,17.1
2003-01-21,57,12.4
2003-01-22,64,15.9
2003-01-24,55,11.2
2003-01-27,74,21.5
2003-01-30,62,15.2
2003-02-02,50,9.0
2003-02-03,38,6.9
2003-02-08,44,7.9
2003-02-11,63,15.7
2003-02-17,55,11.0
2003-02-20,52,9.4
2003-02-23,39,7.0
2003-02-26,53,10.3
2003-03-01,17,3.0
2003-03-04,65,16.5
2003-03-10,84,26.9
2003-03-13,61,14.6
2003-03-16,60,13.8
2003-03-19,37,6.6
2003-03-22,63,15.5
2003-03-25,59,13.4
2003-03-28,39,7.1
2003-03-31,54,10.8
2003-04-03,57,12.1
2003-04-06,53,10.0
2003-04-09,53,10.2
2003-04-12,64,16.1
2003-04-15,57,12.2
2003-04-18,66,17.2
2003-04-24,63,15.5
2003-04-27,70,19.5
2003-04-30,65,16.5
2003-05-03,77,23.0
2003-05-04,65,16.8
2003-05-09,69,18.5
2003-05-12,55,11.0
2003-05-15,75,22.2
2003-05-16,74,21.4
2003-05-24,77,22.9
2003-05-27,62,15.2
2003-05-30,70,19.1
2003-06-02,55,11.1
2003-06-05,41,7.4
2003-06-08,73,21.0
2003-06-14,52,9.4
2003-06-17,58,13.0
2003-06-21,53,10.3
2003-06-22,44,7.9
2003-06-23,52,9.4
2003-06-26,61,14.3
2003-06-27,52,9.7
2003-07-02,58,12.7
2003-07-05,65,16.8
2003-07-08,43,7.7
2003-07-11,68,18.0
2003-07-17,72,20.4
2003-07-20,64,16.0
2003-07-23,58,13.0
2003-07-29,57,12.1
2003-08-01,56,12.0
2003-08-04,60,13.8
2003-08-07,55,11.4
2003-08-10,80,24.7
2003-08-13,63,15.5
2003-08-16,58,12.6
2003-08-19,58,12.9
2003-08-22,62,15.0
2003-08-28,1,0.1
2003-08-31,29,5.2
2003-09-03,51,9.1
2003-09-09,77,23.3
2003-09-24,77,22.8
2003-09-25,80,24.6
2003-09-26,92,31.0
2003-10-15,52,9.4
2003-10-18,59,13.4
2003-10-21,91,30.5
2003-10-24,61,14.7
2003-10-27,53,10.3
2003-10-30,40,7.2
2003-11-02,56,12.0
2003-11-05,60,13.9
2003-11-14,51,9.2
2003-11-17,51,9.1
2003-11-20,67,17.8
2003-11-26,52,9.5
2003-11-29,73,21.1
2003-12-02,63,15.5
2003-12-05,52,9.9
2003-12-08,57,12.2
2003-12-14,65,16.7
2003-12-20,74,21.5
2003-12-23,30,5.4
2003-12-26,56,11.6
2003-12-29,46,8.2
2004-01-01,74,21.5
2004-01-04,48,8.7
2004-01-07,33,5.9
2004-01-10,66,16.9
2004-01-13,72,20.2
2004-01-16,61,14.7
2004-01-19,32,5.8
2004-01-25,28,5.1
2004-01-28,48,8.6
2004-01-31,68,18.4
2004-02-03,36,6.4
2004-02-06,43,7.7
2004-02-09,59,13.5
2004-02-12,25,4.5
2004-02-15,37,6.6
2004-02-18,69,18.7
2004-02-21,55,11.5
2004-02-22,73,20.9
2004-02-27,71,19.9
2004-03-01,48,8.7
2004-03-04,61,14.7
2004-03-07,68,18.3
2004-03-10,53,10.3
2004-03-13,69,18.7
2004-03-16,66,17.0
2004-03-19,61,14.4
2004-03-22,47,8.4
2004-03-25,61,14.2
2004-03-28,54,10.9
2004-03-31,62,15.0
2004-04-03,59,13.6
2004-04-06,58,12.6
2004-04-09,82,25.7
2004-04-12,51,9.3
2004-04-15,54,10.9
2004-04-18,54,10.8
2004-04-21,60,13.7
2004-04-24,39,7.1
2004-04-27,58,12.7
2004-04-30,57,12.5
2004-05-03,59,13.2
2004-05-06,60,13.9
2004-05-09,3,0.5
2004-05-15,52,9.7
2004-05-18,51,9.2
2004-05-21,55,11.0
2004-05-22,49,8.9
2004-05-27,53,10.0
2004-05-30,65,16.4
2004-06-02,53,10.3
2004-06-05,58,12.8
2004-06-08,64,16.3
2004-06-11,55,11.1
2004-06-14,48,8.6
2004-06-17,60,13.9
2004-06-20,92,31.2
2004-06-23,43,7.8
2004-06-26,31,5.5
2004-07-02,57,12.5
2004-07-05,59,13.2
2004-07-08,47,8.4
2004-07-11,63,15.6
2004-07-14,72,20.3
2004-07-17,54,10.5
2004-07-20,91,30.4
2004-07-23,62,15.1
2004-07-26,60,13.9
2004-07-29,59,13.5
2004-08-01,66,17.0
2004-08-04,64,16.1
2004-08-07,68,18.3
2004-08-10,83,26.2
2004-08-13,56,11.8
2004-08-16,76,22.5
2004-08-17,54,10.5
2004-08-22,51,9.1
2004-08-26,65,16.7
2004-08-28,61,14.4
2004-08-29,61,14.6
2004-08-31,62,15.1
2004-09-04,81,25.2
2004-09-09,53,10.2
2004-09-12,78,23.6
2004-09-15,52,9.5
2004-09-18,80,24.4
2004-09-21,64,15.9
2004-09-24,80,24.8
2004-09-30,89,29.7
2004-10-03,57,12.5
2004-10-06,61,14.3
2004-10-09,68,18.0
2004-10-12,42,7.6
2004-10-15,58,12.9
2004-10-18,43,7.7
2004-10-21,55,11.1
2004-10-24,53,10.2
2004-10-27,54,10.5
2004-10-30,53,10.3
2004-11-02,16,2.9
2004-11-05,63,15.6
2004-11-08,88,29.1
2004-11-11,58,13.0
2004-11-17,31,5.6
2004-11-18,36,6.4
2004-11-20,41,7.3
2004-11-23,45,8.1
2004-11-26,52,9.4
2004-11-29,51,9.3
2004-12-02,52,9.4
2004-12-05,65,16.4
2004-12-08,58,12.6
2004-12-11,65,16.5
2004-12-14,28,5.1
2004-12-17,57,12.2
2004-12-20,60,13.8
2004-12-23,30,5.4
2004-12-26,85,27.4
2004-12-29,60,14.0
2005-01-01,61,14.4
2005-01-04,67,17.5
2005-01-07,65,16.6
2005-01-10,54,10.6
2005-01-13,31,5.5
2005-01-16,54,10.7
2005-01-19,63,15.5
2005-01-28,71,19.7
2005-01-31,65,16.5
2005-02-03,25,4.5
2005-02-05,61,14.3
2005-02-06,60,13.7
2005-02-07,46,8.3
2005-02-09,37,6.6
2005-02-12,58,12.6
2005-02-15,56,11.9
2005-02-18,44,7.9
2005-02-21,63,15.4
2005-02-24,23,4.2
2005-02-27,54,10.6
2005-03-02,52,9.4
2005-03-22,41,7.4
2005-03-23,53,10.3
2005-03-24,57,12.4
2005-03-26,73,20.9
2005-03-29,47,8.5
2005-04-01,52,9.8
2005-04-04,53,10.1
2005-04-07,51,9.3
2005-04-10,59,13.4
2005-04-13,51,9.3
2005-04-16,74,21.4
2005-04-19,53,10.4
2005-04-22,63,15.4
2005-04-25,59,13.3
2005-04-28,52,9.4
2005-05-01,58,13.1
2005-05-04,59,13.4
2005-05-07,68,18.4
2005-05-10,65,16.7
2005-05-13,68,18.1
2005-05-16,63,15.7
2005-05-19,54,10.9
2005-05-22,68,18.4
2005-05-25,65,16.4
2005-05-28,74,21.4
2005-05-31,53,10.4
2005-06-03,59,13.3
2005-06-06,47,8.5
2005-06-09,57,12.4
2005-06-12,42,7.6
2005-06-15,62,14.9
2005-06-18,56,11.6
2005-06-21,82,25.9
2005-06-24,79,24.1
2005-06-27,82,25.6
2005-06-30,41,7.4
2005-07-03,48,8.7
2005-07-06,53,10.4
2005-07-15,48,8.7
2005-07-18,55,11.2
2005-07-23,56,11.6
2005-07-25,64,15.9
2005-07-27,70,19.1
2005-07-30,74,21.5
2005-08-02,82,25.7
2005-08-05,69,19.0
2005-08-08,78,23.5
2005-08-11,77,23.1
2005-08-14,53,10.4
2005-08-20,62,14.9
2005-08-21,61,14.4
2005-08-23,69,19.0
2005-08-26,70,19.2
2005-08-31,79,24.1
2005-09-01,73,20.7
2005-09-07,84,26.6
2005-09-14,40,7.2
2005-09-19,77,22.9
2005-10-22,63,15.3
2005-10-23,59,13.2
2005-10-24,27,4.8
2005-11-06,47,8.5
2005-11-12,58,12.7
2005-11-18,44,7.9
2005-11-30,63,15.4
2005-12-06,55,11.0
2005-12-12,88,28.8
2005-12-16,37,6.6
2005-12-17,30,5.4
2005-12-18,41,7.3
2005-12-21,65,16.4
2005-12-24,31,5.6
2005-12-30,69,18.5
2006-01-05,27,4.8
2006-01-11,66,17.1
2006-01-17,19,3.5
2006-01-23,30,5.4
2006-01-29,51,9.2
2006-02-04,51,9.1
2006-02-10,58,12.6
2006-02-16,50,9.0
2006-02-22,57,12.3
2006-02-28,52,9.8
2006-03-06,61,14.4
2006-03-12,58,12.9
2006-03-18,69,18.6
2006-03-24,57,12.2
2006-03-30,58,12.9
2006-04-05,58,12.8
2006-04-11,59,13.4
2006-04-17,58,13.0
2006-04-23,60,14.0
2006-04-29,51,9.2
2006-05-05,58,13.0
2006-05-11,37,6.7
2006-05-17,60,13.7
2006-05-23,61,14.3
2006-05-29,31,5.6
2006-06-04,70,19.2
2006-06-16,46,8.2
2006-06-22,47,8.5
2006-07-03,43,7.8
2006-07-04,58,12.6
2006-07-10,79,23.9
2006-07-11,75,22.2
2006-07-28,52,9.6
2006-08-03,64,15.9
2006-08-09,54,10.9
2006-08-15,54,10.9
2006-08-27,59,13.2
2006-09-02,75,21.8
2006-09-08,87,28.3
2006-09-14,64,16.3
2006-09-20,61,14.2
2006-10-02,58,12.6
2006-10-24,57,12.1
2006-10-28,60,13.8
2006-11-01,55,11.3
2006-11-04,55,11.2
2006-11-07,62,14.9
2006-11-13,61,14.4
2006-11-19,74,21.7
2006-12-01,41,7.4
2006-12-07,55,11.5
2006-12-19,65,16.4
2006-12-25,19,3.5
2006-12-31,58,12.7
2007-01-06,56,11.7
2007-01-12,54,10.8
2007-01-18,37,6.7
2007-01-24,62,14.8
2007-01-30,39,7.1
2007-02-05,65,16.5
2007-02-11,57,12.1
2007-02-18,30,5.4
2007-02-23,66,17.2
2007-03-01,51,9.1
2007-03-07,57,12.5
2007-03-13,58,12.8
2007-03-19,44,8.0
2007-03-25,56,11.9
2007-03-31,48,8.6
2007-04-06,62,15.1
2007-04-12,53,10.4
2007-04-18,35,6.3
2007-04-24,61,14.6
2007-05-01,55,11.1
2007-05-06,59,13.6
2007-05-12,64,16.2
2007-05-18,55,11.0
2007-05-30,44,7.9
2007-06-05,59,13.4
2007-06-11,46,8.3
2007-06-17,73,20.7
2007-06-23,70,19.5
2007-06-29,55,11.4
2007-07-05,62,15.0
2007-07-11,68,18.4
2007-07-17,57,12.1
2007-07-23,64,16.3
2007-07-29,55,11.2
2007-08-04,56,11.6
2007-08-10,72,20.3
2007-08-16,79,24.0
2007-08-22,41,7.3
2007-08-28,58,12.8
2007-09-15,56,12.0
2007-09-21,74,21.2
2007-09-27,45,8.1
2007-10-03,80,24.9
2007-10-04,76,22.3
2007-10-05,56,11.8
2007-10-09,56,11.6
2007-10-21,52,9.6
2007-10-27,59,13.6
2007-11-02,91,30.6
2007-11-14,52,9.8
2007-11-20,56,11.9
2007-11-26,27,4.9
2007-12-02,50,9.0
2007-12-08,57,12.3
2007-12-14,52,9.5
2007-12-20,38,6.9
2007-12-26,49,8.8
2008-01-01,23,4.2
2008-01-13,48,8.6
2008-01-19,26,4.6
2008-01-25,37,6.7
2008-01-29,47,8.5
2008-01-30,29,5.2
2008-01-31,43,7.7
2008-02-06,30,5.4
2008-02-12,36,6.4
2008-02-18,22,3.9
2008-02-24,56,11.9
2008-03-01,54,10.5
2008-03-07,24,4.4
2008-03-13,57,12.3
2008-03-19,25,4.5
2008-03-25,54,10.7
2008-04-01,60,14.0
2008-04-12,41,7.4
2008-04-18,38,6.9
2008-04-24,60,13.9
2008-05-06,62,14.8
2008-05-12,43,7.7
2008-05-18,60,13.7
2008-05-24,64,16.3
2008-05-30,47,8.4
2008-06-05,47,8.4
2008-06-11,36,6.5
2008-06-17,49,8.8
2008-06-23,74,21.7
2008-06-29,73,20.8
2008-07-05,80,24.9
2008-07-11,56,11.9
2008-07-17,61,14.5
2008-07-23,29,5.2
2008-07-29,51,9.3
2008-08-04,63,15.3
2008-08-10,40,7.2
2008-08-22,52,9.5
2008-08-28,56,12.0
2008-09-03,60,13.7
2008-09-09,69,18.7
2008-09-27,94,32.4
2008-10-03,56,12.0
2008-10-09,60,14.1
2008-10-15,37,6.6
2008-10-21,74,21.5
2008-10-27,38,6.8
2008-11-02,75,21.9
2008-11-08,91,30.7
2008-11-20,57,12.1
2008-11-26,64,16.1
2008-12-02,54,10.5
2008-12-08,52,9.5
2008-12-12,61,14.4
2008-12-13,48,8.7
2008-12-14,42,7.5
2008-12-20,60,13.9
2008-12-26,46,8.3
2009-01-01,70,19.1
2009-01-07,29,5.3
2009-01-13,52,9.4
2009-01-19,29,5.2
2009-01-25,69,18.9
2009-01-31,53,10.2
2009-02-06,33,5.9
2009-02-12,58,13.0
2009-02-18,51,9.2
2009-02-24,64,16.1
2009-03-05,45,8.1
2009-03-11,54,10.8
2009-03-14,24,4.4
2009-03-20,70,19.2
2009-03-26,38,6.8
2009-04-01,49,8.8
2009-04-07,52,9.9
2009-04-13,39,7.0
2009-04-19,32,5.8
2009-04-25,56,11.8
2009-05-01,61,14.3
2009-05-07,68,18.3
2009-05-13,58,12.8
2009-05-19,56,11.8
2009-05-25,52,9.8
2009-05-31,59,13.5
2009-06-06,73,20.8
2009-06-12,50,9.0
2009-06-18,44,7.9
2009-06-30,61,14.4
2009-07-06,62,14.9
2009-07-07,61,14.7
2009-07-09,80,24.8
2009-07-18,53,10.3
2009-07-24,73,21.1
2009-07-30,57,12.4
2009-08-05,47,8.5
2009-08-11,56,12.0
2009-08-23,66,17.0
2009-08-29,68,18.0
2009-09-04,74,21.2
2009-09-10,40,7.2
2009-09-16,55,11.1
2009-09-22,36,6.4
2009-09-28,29,5.2
2009-10-04,44,8.0
2009-10-10,28,5.0
2009-10-16,41,7.3
2009-10-22,23,4.2
2009-11-08,58,12.6
2009-11-09,56,11.7
2009-11-10,61,14.7
2009-11-21,55,11.5
2009-11-27,78,23.4
2009-12-03,33,6.0
2009-12-08,55,11.3
2009-12-09,41,7.3
2009-12-10,43,7.8
2009-12-15,44,7.9
2009-12-21,62,14.9
2009-12-27,42,7.5
2010-01-02,62,14.8
2010-01-14,61,14.7
2010-01-20,55,11.5
2010-01-26,54,10.7
2010-02-01,77,22.9
2010-02-07,53,10.4
2010-02-09,27,4.8
2010-02-13,63,15.6
2010-02-19,40,7.2
2010-02-25,54,10.6
2010-03-03,54,10.8
2010-03-09,57,12.3
2010-03-15,56,11.9
2010-03-21,13,2.4
2010-03-27,52,9.6
2010-04-02,62,14.9
2010-04-08,31,5.5
2010-04-14,56,11.9
2010-04-20,59,13.2
2010-04-26,54,10.9
2010-05-02,52,9.7
2010-05-08,56,11.9
2010-05-14,56,11.7
2010-05-20,36,6.4
2010-05-26,60,14.0
2010-06-01,61,14.2
2010-06-07,62,14.9
2010-06-13,56,11.9
2010-06-19,48,8.7
2010-06-25,52,9.7
2010-07-01,39,7.0
2010-07-07,47,8.5
2010-07-13,86,27.9
2010-07-19,51,9.1
2010-07-25,67,17.5
2010-07-31,59,13.2
2010-08-06,46,8.2
2010-08-12,69,18.7
2010-08-18,51,9.2
2010-08-24,63,15.6
2010-09-17,58,12.9
2010-09-23,52,9.7
2010-09-29,61,14.5
2010-10-05,60,13.8
2010-10-11,54,10.5
2010-10-17,71,19.8
2010-10-23,55,11.0
2010-10-29,67,17.7
2010-11-04,33,6.0
2010-11-10,44,7.9
2010-11-16,55,11.5
2010-11-22,51,9.1
2010-11-28,60,14.1
2010-12-04,48,8.6
2010-12-10,52,9.9
2010-12-16,54,10.7
2010-12-22,66,17.4
2010-12-28,48,8.6
2011-01-03,52,9.7
2011-01-09,41,7.3
2011-01-15,54,10.7
2011-01-21,49,8.8
2011-01-27,52,9.7
2011-02-02,29,5.2
2011-02-08,55,11.4
2011-02-14,41,7.4
2011-02-20,49,8.8
2011-02-26,65,16.5
2011-03-04,57,12.5
2011-03-16,61,14.4
2011-03-22,56,12.0
2011-03-28,66,17.2
2011-04-03,58,12.8
2011-04-09,61,14.4
2011-04-15,70,19.5
2011-04-21,63,15.3
2011-04-27,61,14.6
2011-05-03,19,3.4
2011-05-09,70,19.2
2011-05-15,24,4.4
2011-05-21,68,18.2
2011-05-27,70,19.2
2011-06-02,71,19.7
2011-06-08,59,13.5
2011-06-14,51,9.2
2011-06-20,37,6.6
2011-06-26,55,11.4
2011-07-14,55,11.4
2011-07-20,57,12.4
2011-07-26,45,8.1
2011-08-01,44,8.0
2011-08-07,31,5.6
2011-08-13,46,8.2
2011-08-19,56,11.8
2011-08-25,56,11.7
2011-09-06,73,20.9
2011-09-12,56,12.0
2011-09-18,52,9.9
2011-09-30,57,12.1
2011-10-06,55,11.2
2011-10-12,56,11.7
2011-10-18,28,5.0
2011-10-24,52,9.9
2011-10-30,54,10.6
2011-11-05,57,12.2
2011-11-11,54,10.6
2011-11-17,42,7.5
2011-11-23,49,8.9
2011-11-29,60,13.9
2011-12-05,8,1.5
2011-12-11,51,9.1
2011-12-17,47,8.4
2011-12-23,57,12.3
2011-12-29,85,27.1
2012-01-04,59,13.6
2012-01-10,23,4.2
2012-01-16,38,6.8
2012-01-22,60,13.9
2012-01-28,38,6.9
2012-02-03,48,8.6
2012-02-09,54,10.8
2012-02-15,56,11.8
2012-02-21,59,13.3
2012-02-27,41,7.4
2012-03-04,52,9.8
2012-03-10,36,6.5
2012-03-16,41,7.4
2012-03-22,33,6.0
2012-03-28,58,13.1
2012-04-03,72,20.6
2012-04-09,60,14.1
2012-04-15,61,14.3
2012-04-21,29,5.2
2012-04-27,55,11.5
2012-05-03,37,6.6
2012-05-09,53,10.4
2012-05-15,60,13.8
2012-05-21,65,16.8
2012-05-27,52,9.7
2012-06-02,51,9.3
2012-06-08,52,9.9
2012-06-14,47,8.4
2012-06-20,46,8.3
2012-06-26,83,26.2
2012-07-02,83,26.4
2012-07-08,47,8.5
2012-07-14,49,8.8
2012-07-20,56,11.7
2012-08-01,59,13.4
2012-08-03,58,12.6
2012-08-07,60,13.9
2012-08-13,32,5.8
2012-08-19,26,4.6
2012-08-25,58,13.1
2012-08-31,56,12.0
2012-09-12,52,9.5
2012-09-18,52,9.4
2012-09-24,64,16.0
2012-09-30,21,3.8
2012-10-06,57,12.5
2012-10-12,56,11.7
2012-10-18,44,7.9
2012-10-24,47,8.4
2012-10-30,67,17.5
2012-11-05,52,9.9
2012-11-11,39,7.0
2012-11-17,74,21.7
2012-11-23,70,19.4
2012-11-29,62,15.1
2012-12-05,54,10.7
2012-12-07,44,7.9
2012-12-11,36,6.4
2012-12-17,69,19.0
2012-12-23,33,6.0
2012-12-29,43,7.8
2013-01-04,42,7.5
2013-01-10,20,3.6
2013-01-16,32,5.7
2013-01-22,72,20.5
2013-01-28,43,7.8
2013-02-03,59,13.3
2013-02-09,54,10.6
2013-02-15,53,10.2
2013-02-27,52,9.9
2013-03-05,39,7.0
2013-03-11,24,4.4
2013-03-17,51,9.1
2013-03-23,75,22.1
2013-03-29,48,8.7
2013-04-04,41,7.3
2013-04-10,52,9.7
2013-04-16,75,21.9
2013-04-22,57,12.3
2013-04-28,42,7.5
2013-05-04,54,10.9
2013-05-10,37,6.6
2013-05-16,56,11.9
2013-05-22,59,13.4
2013-05-28,51,9.2
2013-06-03,51,9.2
2013-06-09,32,5.8
2013-06-15,53,10.2
2013-06-21,72,20.5
2013-06-27,61,14.2
2013-07-03,62,14.9
2013-07-09,39,7.0
2013-07-15,41,7.3
2013-07-21,39,7.1
2013-07-27,57,12.4
2013-08-02,57,12.1
2013-08-08,92,31.1
2013-08-14,44,7.9
2013-08-20,55,11.1
2013-08-26,30,5.4
2013-09-07,33,6.0
2013-09-13,56,11.7
2013-09-19,33,6.0
2013-09-25,67,17.5
2013-10-01,36,6.4
2013-10-07,31,5.6
2013-10-13,32,5.8
2013-10-19,29,5.3
2013-10-25,65,16.5
2013-10-31,30,5.4
2013-11-06,37,6.6
2013-11-12,59,13.2
2013-11-18,60,13.7
2013-11-24,32,5.8
2013-11-30,59,13.3
2013-12-06,18,3.3
2013-12-12,56,12.0
2013-12-18,67,17.8
2013-12-24,75,21.8
2013-12-30,55,11.3
2014-01-05,44,8.0
2014-01-11,54,10.7
2014-01-17,56,11.8
2014-01-23,48,8.6
2014-01-29,35,6.3
2014-02-04,32,5.8
2014-02-10,36,6.5
2014-02-16,52,9.7
2014-02-22,53,10.2
2014-02-28,50,9.0
2014-03-06,52,9.5
2014-03-12,25,4.5
2014-03-18,48,8.6
2014-03-24,57,12.5
2014-03-30,53,10.4
2014-04-05,37,6.6
2014-04-11,36,6.5
2014-04-17,52,9.7
2014-04-23,55,11.3
2014-04-29,67,17.9
2014-05-05,47,8.5
2014-05-07,54,10.5
2014-05-11,57,12.2
2014-05-17,39,7.0
2014-05-23,52,9.5
2014-05-29,52,9.7
2014-06-04,32,5.8
2014-06-10,41,7.4
2014-06-16,73,20.8
2014-06-22,89,29.3
2014-07-04,67,17.6
2014-07-10,59,13.5
2014-07-12,71,19.7
2014-07-16,60,13.8
2014-07-22,58,12.9
2014-07-28,59,13.3
2014-08-03,61,14.7
2014-08-09,55,11.5
2014-08-15,56,12.0
2014-08-21,70,19.5
2014-08-27,55,11.4
2014-09-02,41,7.3
2014-09-08,59,13.5
2014-09-14,55,11.4
2014-09-20,32,5.8
2014-09-26,59,13.6
2014-10-02,47,8.4
2014-10-08,31,5.6
2014-10-14,44,8.0
2014-10-20,57,12.1
2014-10-26,56,11.7
2014-11-01,36,6.5
2014-11-07,43,7.7
2014-11-13,24,4.4
2014-11-19,76,22.6
2014-11-25,67,17.9
2014-12-01,52,9.5
2014-12-07,46,8.2
2014-12-11,54,10.5
2014-12-13,54,10.9
2014-12-19,18,3.3
2014-12-25,72,20.6
2014-12-31,52,9.8
2015-01-06,66,17.2
2015-01-12,24,4.3
2015-01-18,55,11.2
2015-01-24,39,7.0
2015-01-30,51,9.1
2015-02-05,49,8.9
2015-02-11,67,17.8
2015-02-17,48,8.7
2015-02-23,16,2.9
2015-03-01,62,14.8
2015-03-07,52,9.8
2015-03-13,38,6.9
2015-03-19,52,9.5
2015-03-25,38,6.8
2015-04-06,52,9.7
2015-04-12,50,9.0
2015-04-14,53,10.0
2015-04-18,37,6.7
2015-04-24,74,21.2
2015-04-30,56,11.7
2015-05-06,53,10.0
2015-05-12,54,10.6
2015-05-18,64,16.1
2015-05-24,32,5.8
2015-05-30,42,7.5
2015-06-05,61,14.5
2015-06-11,44,8.0
2015-06-29,84,26.8
2015-07-05,69,18.5
2015-07-11,59,13.2
2015-07-23,61,14.5
2015-07-29,65,16.7
2015-08-04,66,17.3
2015-08-10,56,11.9
2015-08-16,61,14.2
2015-08-22,37,6.6
2015-08-28,69,18.5
2015-09-03,39,7.0
2015-09-09,54,10.8
2015-09-15,52,9.4
2015-09-21,69,18.7
2015-09-27,67,17.5
2015-10-03,67,17.8
2015-10-09,65,16.8
2015-10-15,63,15.8
2015-10-21,46,8.3
2015-10-27,46,8.3
2015-11-02,41,7.3
2015-11-08,34,6.1
2015-11-14,57,12.3
2015-11-20,49,8.9
2015-11-26,49,8.8
2015-12-02,46,8.2
2015-12-08,73,20.9
2015-12-14,29,5.2
2015-12-20,53,10.2
2016-01-01,43,7.7
2016-01-07,38,6.9
2016-01-10,44,8.0
2016-01-19,38,6.8
2016-01-25,43,7.8
2016-01-31,57,12.1
2016-02-06,47,8.5
2016-02-24,23,4.2
2016-03-01,49,8.8
2016-03-07,42,7.5
2016-03-13,42,7.5
2016-03-16,69,18.6
2016-03-19,50,9.0
2016-03-22,32,5.7
2016-03-25,52,9.7
2016-03-31,75,21.9
2016-04-06,43,7.7
2016-04-12,53,10.1
2016-04-18,18,3.3
2016-04-24,53,10.3
2016-04-30,57,12.2
2016-05-06,48,8.6
2016-05-12,59,13.4
2016-05-18,47,8.4
2016-05-24,35,6.3
2016-05-30,38,6.9
2016-06-05,18,3.3
2016-06-11,44,7.9
2016-06-17,55,11.2
2016-06-23,39,7.1
2016-06-29,52,9.4
2016-07-05,53,10.4
2016-07-11,86,27.8
2016-07-17,39,7.0
2016-07-23,42,7.5
2016-07-29,56,11.6
2016-08-10,54,10.6
2016-08-16,25,4.5
2016-08-22,32,5.8
2016-08-28,31,5.6
2016-09-03,59,13.2
2016-09-09,43,7.7
2016-09-15,52,9.8
2016-09-21,63,15.8
2016-09-27,52,9.9
2016-10-03,66,17.1
2016-10-09,51,9.2
2016-10-15,37,6.6
2016-10-21,38,6.9
2016-10-27,54,10.9
2016-11-02,39,7.0
2016-11-08,53,10.2
2016-11-14,59,13.5
2016-11-20,58,12.9
2016-11-26,65,16.4
2016-12-02,39,7.1
2016-12-08,26,4.6
2016-12-14,58,13.1
2016-12-20,59,13.3
2016-12-26,46,8.3
2017-01-01,94,32.1
2017-01-07,51,9.3
2017-01-13,46,8.3
2017-01-19,25,4.5
2017-01-25,29,5.2
2017-01-31,29,5.3
2017-02-06,46,8.3
2017-02-12,57,12.5
2017-02-18,47,8.5
2017-02-24,40,7.2
2017-03-02,42,7.5
2017-03-08,38,6.9
2017-03-20,44,7.9
2017-03-26,64,16.2
2017-04-01,43,7.7
2017-04-07,53,10.1
2017-04-13,46,8.2
2017-04-25,36,6.5
2017-05-01,46,8.2
2017-05-07,60,14.1
2017-05-13,31,5.5
2017-05-19,54,10.6
2017-05-25,41,7.3
2017-05-31,55,11.4
2017-06-06,44,8.0
2017-06-12,26,4.7
2017-06-18,18,3.2
2017-06-24,18,3.3
2017-07-06,28,5.1
2017-07-18,29,5.2
2017-07-30,38,6.8
2017-08-05,33,6.0
2017-08-11,29,5.2
2017-08-17,33,6.0
2017-08-23,27,4.8
2017-09-07,41,7.3
2017-09-10,52,9.8
2017-09-16,58,13.1
2017-09-22,60,13.7
2017-09-28,56,11.9
2017-10-04,51,9.1
2017-10-10,49,8.9
2017-10-16,27,4.8
2017-10-22,28,5.1
2017-10-28,27,4.9
2017-11-03,43,7.8
2017-11-09,28,5.1
2017-11-15,57,12.1
2017-11-21,47,8.4
2017-11-27,53,10.0
2017-12-03,78,23.8
2018-01-02,23,4.2
2018-01-08,37,6.6
2018-01-14,52,9.5
2018-01-20,51,9.1
2018-01-26,45,8.1
2018-02-01,39,7.0
2018-02-13,52,9.7
2018-02-25,21,3.7
2018-03-09,53,10.3
2018-03-15,57,12.3
2018-03-21,49,8.8
2018-03-27,62,15.2
2018-03-31,48,8.6
2018-04-03,53,10.0
2018-04-08,53,10.4
2018-04-14,55,11.4
2018-04-20,41,7.3
2018-04-26,29,5.3
2018-05-02,56,11.8
2018-05-08,52,9.9
2018-05-14,44,7.9
2018-05-20,33,6.0
2018-05-26,37,6.7
2018-06-01,60,13.9
2018-06-07,53,10.2
2018-06-13,49,8.8
2018-06-19,54,10.5
2018-06-25,57,12.3
2018-07-01,96,33.2
2018-07-07,33,6.0
2018-07-13,56,11.8
2018-07-19,71,20.0
2018-07-25,66,16.9
2018-07-31,49,8.9
2018-08-06,34,6.2
2018-08-12,90,30.1
2018-08-18,51,9.1
2018-08-24,73,20.8
2018-08-30,36,6.5
2018-09-05,43,7.8
2018-09-17,43,7.7
2018-09-23,26,4.7
2018-09-29,52,9.9
2018-10-05,46,8.3
2018-10-11,28,5.0
2018-10-17,17,3.0
2018-10-23,30,5.4
2018-10-29,39,7.0
2018-11-04,27,4.8
2018-11-10,30,5.4
2018-11-16,62,15.0
2018-11-22,57,12.4
2018-11-28,52,9.4
2018-12-04,34,6.2
2018-12-10,53,10.4
2018-12-16,65,16.4
2018-12-22,45,8.1
2018-12-28,22,3.9
2019-01-03,9,1.7
2019-01-09,28,5.0
2019-01-21,53,10.0
2019-01-27,54,10.8
2019-02-02,55,11.4
2019-02-08,19,3.4
2019-02-14,38,6.9
2019-02-20,21,3.8
2019-02-26,52,9.9
2019-03-04,50,9.0
2019-03-10,58,12.9
2019-03-16,33,6.0
2019-03-22,54,10.8
2019-03-28,53,10.4
2019-04-03,52,9.7
2019-04-09,60,13.9
2019-04-15,57,12.5
2019-04-21,30,5.4
2019-04-27,52,9.5
2019-05-03,44,7.9
2019-05-09,71,19.6
2019-05-15,55,11.1
2019-05-21,65,16.5
2019-05-22,,13.909091
2019-05-23,58,12.8
2019-05-24,49,8.9
2019-05-25,44,8.0
2019-05-26,52,9.9
2019-05-27,36,6.4
2019-05-28,50,9.0
2019-05-29,53,10.3
2019-05-30,55,11.1
2019-05-31,56,11.6
2019-06-01,53,10.0
2019-06-02,54,10.9
2019-06-03,42,7.5
2019-06-04,37,6.6
2019-06-05,12,2.2
2019-06-06,22,3.9
2019-06-07,33,6.0
2019-06-08,43,7.8
2019-06-09,56,11.8
2019-06-10,54,10.5
2019-06-11,43,7.7
2019-06-12,55,11.5
2019-06-13,57,12.5
2019-06-14,59,13.6
2019-06-15,48,8.7
2019-06-16,53,10.0
2019-06-17,31,5.6
2019-06-18,37,6.7
2019-06-19,46,8.2
2019-06-20,59,13.3
2019-06-21,61,14.7
2019-06-22,66,17.1
2019-06-23,60,13.9
2019-06-24,48,8.7
2019-06-25,54,10.6
2019-06-26,64,16.1
2019-06-27,58,12.8
2019-06-28,69,18.5
2019-06-29,63,15.6
2019-06-30,54,10.5
2019-07-01,56,11.7
2019-07-02,44,7.9
2019-07-03,55,11.2
2019-07-04,57,12.5
2019-07-05,47,8.4
2019-07-06,58,12.6
2019-07-07,51,9.1
2019-07-08,44,8.0
2019-07-09,52,9.8
2019-07-10,52,9.9
2019-07-11,56,11.6
2019-07-12,54,10.8
2019-07-13,35,6.3
2019-07-14,34,6.2
2019-07-15,61,14.5
2019-07-16,37,6.6
2019-07-17,45,8.1
2019-07-18,31,5.5
2019-07-19,34,6.2
2019-07-20,44,7.9
2019-07-21,53,10.2
2019-07-22,54,10.7
2019-07-23,41,7.4
2019-07-24,48,8.7
2019-07-25,53,10.0
2019-07-26,56,11.9
2019-07-27,40,7.2
2019-07-28,55,11.3
2019-07-29,55,11.0
2019-07-30,46,8.3
2019-07-31,53,10.1
2019-08-01,46,8.2
2019-08-02,44,7.9
2019-08-03,52,9.8
2019-08-04,39,7.1
2019-08-05,29,5.2
2019-08-06,29,5.2
2019-08-07,56,11.6
2019-08-08,53,10.4
2019-08-09,46,8.2
2019-08-10,50,9.0
2019-08-11,46,8.2
2019-08-12,24,4.3
2019-08-13,38,6.9
2019-08-14,47,8.5
2019-08-15,53,10.0
2019-08-16,52,9.7
2019-08-17,38,6.8
2019-08-18,41,7.3
2019-08-19,61,14.7
2019-08-20,72,20.5
2019-08-21,71,19.7
2019-08-22,54,10.5
2019-08-23,31,5.5
2019-08-24,20,3.6
2019-08-25,37,6.7
2019-08-26,57,12.2
2019-08-27,44,7.9
2019-08-28,39,7.0
2019-08-29,52,9.7
2019-08-30,53,10.1
2019-08-31,54,10.6
2019-09-01,58,13.0
2019-09-02,53,10.1
2019-09-03,53,10.4
2019-09-04,59,13.3
2019-09-05,58,12.7
2019-09-06,59,13.4
2019-09-07,45,8.1
2019-09-08,31,5.6
2019-09-09,55,11.2
2019-09-10,56,11.7
2019-09-11,38,6.9
2019-09-12,48,8.7
2019-09-13,55,11.4
2019-09-14,59,13.2
2019-09-15,52,9.7
2019-09-16,39,7.0
2019-09-17,9,1.7
2019-09-18,22,4.0
2019-09-19,23,4.1
2019-09-20,46,8.2
2019-09-21,25,4.5
2019-09-22,28,5.1
2019-09-23,33,5.9
2019-09-24,44,8.0
2019-09-25,48,8.6
2019-09-26,50,9.0
2019-09-27,51,9.2
2019-09-28,41,7.3
2019-09-29,42,7.6
2019-09-30,51,9.1
2019-10-01,52,9.5
2019-10-02,53,10.4
2019-10-03,56,11.8
2019-10-04,57,12.3
2019-10-05,66,16.9
2019-10-06,60,13.7
2019-10-07,38,6.9
2019-10-08,34,6.2
2019-10-09,56,11.8
2019-10-10,33,5.9
2019-10-11,17,3.0
2019-10-12,51,9.1
2019-10-13,48,8.6
2019-10-14,51,9.2
2019-10-15,28,5.0
2019-10-16,39,7.0
2019-10-17,36,6.5
2019-10-18,56,11.8
2019-10-19,54,10.9
2019-10-20,16,2.9
2019-10-21,22,3.9
2019-10-22,29,5.2
2019-10-23,29,5.3
2019-10-24,33,5.9
2019-10-25,11,2.0
2019-10-26,27,4.9
2019-10-27,52,9.7
2019-10-28,46,8.2
2019-10-29,36,6.5
2019-10-30,46,8.2
2019-10-31,16,2.8
2019-11-01,52,9.8
2019-11-02,58,12.9
2019-11-03,69,18.5
2019-11-04,53,10.0
2019-11-05,27,4.9
2019-11-06,60,14.0
2019-11-07,59,13.3
2019-11-08,31,5.6
2019-11-09,58,12.9
2019-11-10,71,19.9
2019-11-11,39,7.1
2019-11-12,19,3.5
2019-11-13,57,12.1
2019-11-14,52,9.8
2019-11-15,61,14.2
2019-11-16,75,22.2
2019-11-17,96,33.4
2019-11-18,92,31.2
2019-11-19,75,22.2
2019-11-20,59,13.3
2019-11-21,42,7.6
2019-11-22,37,6.6
2019-11-23,41,7.3
2019-11-24,61,14.5
2019-11-25,54,10.5
2019-11-26,66,17.3
2019-11-27,45,8.1
2019-11-28,55,11.3
2019-11-29,57,12.5
2019-11-30,49,8.8
2019-12-01,13,2.3
2019-12-02,43,7.8
2019-12-03,69,19.0
2019-12-04,63,15.8
2019-12-05,64,16.1
2019-12-06,50,9.0
2019-12-07,74,21.4
2019-12-08,66,16.9
2019-12-09,52,9.4
2019-12-10,12,2.1
2019-12-11,20,3.6
2019-12-12,51,9.2
2019-12-13,63,15.8
2019-12-14,63,15.8
2019-12-15,48,8.7
2019-12-16,53,10.0
2019-12-17,19,3.5
2019-12-18,55,11.0
2019-12-19,63,15.4
2019-12-20,58,12.8
2019-12-21,47,8.5
2019-12-22,55,11.5
2019-12-23,61,14.7
2019-12-24,83,26.5
2019-12-25,84,26.6
2019-12-26,53,10.4
2019-12-27,56,11.8
2019-12-28,27,4.9
2019-12-29,18,3.2
2019-12-30,42,7.5
2019-12-31,126,45.7
2020-01-01,190,110.6
2020-01-02,53,10.3
2020-01-03,43,7.7
2020-01-04,66,17.3
2020-01-05,56,11.6
2020-01-06,45,8.1
2020-01-07,42,7.6
2020-01-08,57,12.3
2020-01-09,41,7.3
2020-01-10,43,7.8
2020-01-11,19,3.5
2020-01-12,50,9.0
2020-01-13,46,8.2
2020-01-14,43,7.8
2020-01-15,49,8.8
2020-01-16,54,10.8
2020-01-17,52,9.6
2020-01-18,29,5.3
2020-01-19,17,3.0
2020-01-20,24,4.3
2020-01-21,52,9.5
2020-01-22,47,8.4
2020-01-23,23,4.2
2020-01-24,55,11.2
2020-01-25,55,11.0
2020-01-26,36,6.5
2020-01-27,52,9.7
2020-01-28,34,6.1
2020-01-29,15,2.7
2020-01-30,31,5.5
2020-01-31,46,8.2
2020-02-01,65,16.6
2020-02-02,39,7.0
2020-02-03,33,5.9
2020-02-04,59,13.5
2020-02-05,31,5.5
2020-02-06,48,8.7
2020-02-07,54,10.9
2020-02-08,50,9.0
2020-02-09,47,8.4
2020-02-10,55,11.5
2020-02-11,19,3.5
2020-02-12,12,2.1
2020-02-13,19,3.5
2020-02-14,37,6.7
2020-02-15,51,9.2
2020-02-16,53,10.4
2020-02-17,61,14.7
2020-02-18,58,13.0
2020-02-19,18,3.2
2020-02-20,9,1.6
2020-02-21,30,5.4
2020-02-22,52,9.8
2020-02-23,41,7.3
2020-02-24,26,4.6
2020-02-25,37,6.7
2020-02-26,9,1.6
2020-02-27,34,6.1
2020-02-28,47,8.5
2020-02-29,60,13.9
2020-03-01,28,5.0
2020-03-02,52,9.7
2020-03-03,60,13.8
2020-03-04,37,6.7
2020-03-05,23,4.1
2020-03-06,61,14.3
2020-03-07,55,11.3
2020-03-08,34,6.2
2020-03-09,45,8.1
2020-03-10,52,9.7
2020-03-11,43,7.8
2020-03-12,40,7.2
2020-03-13,46,8.2
2020-03-14,51,9.2
2020-03-15,53,10.1
2020-03-16,52,9.8
2020-03-17,46,8.3
2020-03-18,42,7.5
2020-03-19,55,11.5
2020-03-20,29,5.3
2020-03-21,19,3.5
2020-03-22,52,9.5
2020-03-23,57,12.5
2020-03-24,59,13.6
2020-03-25,63,15.3
2020-03-26,60,13.9
2020-03-27,58,12.7
2020-03-28,53,10.2
2020-03-29,41,7.4
2020-03-30,53,10.0
2020-03-31,37,6.7
2020-04-01,44,8.0
2020-04-02,44,7.9
2020-04-03,53,10.2
2020-04-04,18,3.2
2020-04-05,53,10.4
2020-04-06,56,11.6
2020-04-07,62,15.0
2020-04-08,70,19.1
2020-04-09,56,11.9
2020-04-10,34,6.2
2020-04-11,46,8.3
2020-04-12,63,15.5
2020-04-13,29,5.2
2020-04-14,22,4.0
2020-04-15,41,7.4
2020-04-16,51,9.2
2020-04-17,56,11.8
2020-04-18,53,10.2
2020-04-19,59,13.5
2020-04-20,59,13.2
2020-04-21,53,10.2
2020-04-22,65,16.4
2020-04-23,56,11.7
2020-04-24,52,9.5
2020-04-25,41,7.3
2020-04-26,51,9.1
2020-04-27,53,10.3
2020-04-28,60,13.7
2020-04-29,33,5.9
2020-04-30,42,7.6
2020-05-01,37,6.7
2020-05-02,30,5.4
2020-05-03,29,5.2
2020-05-04,52,9.7
2020-05-05,58,13.0
2020-05-06,36,6.5
2020-05-07,50,9.0
2020-05-08,48,8.7
2020-05-09,31,5.6
2020-05-10,38,6.9
2020-05-11,47,8.5
2020-05-12,44,8.0
2020-05-13,41,7.4
2020-05-14,47,8.4
2020-05-15,42,7.5
2020-05-16,15,2.7
2020-05-17,19,3.4
2020-05-18,54,10.5
2020-05-19,55,11.1
2020-05-20,63,15.4
2020-05-21,54,10.9
2020-05-22,55,11.2
2020-05-23,54,10.6
2020-05-24,41,7.3
2020-05-25,14,2.5
2020-05-26,23,4.2
2020-05-27,42,7.5
2020-05-28,41,7.3
2020-05-29,33,5.9
2020-05-30,49,8.8
2020-05-31,59,13.5
2020-06-01,59,13.5
2020-06-02,64,16.1
2020-06-03,58,13.0
2020-06-04,43,7.7
2020-06-05,53,10.3
2020-06-06,52,9.8
2020-06-07,40,7.2
2020-06-08,40,7.2
2020-06-09,61,14.4
2020-06-10,54,10.7
2020-06-11,53,10.2
2020-06-12,47,8.5
2020-06-13,53,10.1
2020-06-14,58,12.9
2020-06-15,48,8.7
2020-06-16,53,10.2
2020-06-17,52,9.7
2020-06-18,44,8.0
2020-06-19,34,6.2
2020-06-20,52,9.7
2020-06-21,23,4.1
2020-06-22,38,6.9
2020-06-23,48,8.7
2020-06-24,27,4.8
2020-06-25,53,10.0
2020-06-26,119,42.9
2020-06-27,75,22.2
2020-06-28,59,13.2
2020-06-29,66,17.1
2020-06-30,74,21.7
2020-07-01,76,22.3
2020-07-02,96,33.1
2020-07-03,71,20.0
2020-07-04,80,24.4
2020-07-05,53,10.4
2020-07-06,54,10.6
2020-07-07,61,14.7
2020-07-08,76,22.5
2020-07-09,60,13.7
2020-07-10,52,9.8
2020-07-11,46,8.3
2020-07-12,54,10.7
2020-07-13,54,10.8
2020-07-14,71,19.7
2020-07-15,66,17.2
2020-07-16,73,21.0
2020-07-17,59,13.4
2020-07-18,53,10.1
2020-07-19,46,8.2
2020-07-20,31,5.6
2020-07-21,17,3.0
2020-07-22,26,4.6
2020-07-23,31,5.6
2020-07-24,30,5.4
2020-07-25,21,3.7
2020-07-26,22,4.0
2020-07-27,21,3.8
2020-07-28,29,5.2
2020-07-29,36,6.5
2020-07-30,60,13.9
2020-07-31,43,7.7
2020-08-01,39,7.1
2020-08-02,51,9.1
2020-08-03,49,8.9
2020-08-04,52,9.9
2020-08-05,44,7.9
2020-08-06,53,10.0
2020-08-07,58,12.9
2020-08-08,51,9.2
2020-08-09,59,13.5
2020-08-10,52,9.7
2020-08-11,39,7.0
2020-08-12,48,8.7
2020-08-13,63,15.4
2020-08-14,41,7.3
2020-08-15,37,6.7
2020-08-16,33,5.9
2020-08-17,47,8.5
2020-08-18,60,13.8
2020-08-19,59,13.3
2020-08-20,60,13.8
2020-08-21,63,15.3
2020-08-22,65,16.6
2020-08-23,63,15.8
2020-08-24,58,13.0
2020-08-25,,10.0
2020-08-26,29,5.3
2020-08-27,32,5.7
2020-08-28,55,11.2
2020-08-29,34,6.2
2020-08-30,38,6.8
2020-08-31,58,12.7
2020-09-01,74,21.2
2020-09-02,74,21.3
2020-09-03,58,13.0
2020-09-04,37,6.7
2020-09-05,52,9.7
2020-09-06,55,11.5
2020-09-07,66,17.0
2020-09-08,52,9.5
2020-09-09,51,9.3
2020-09-10,38,6.8
2020-09-11,41,7.3
2020-09-12,50,9.0
2020-09-13,32,5.8
2020-09-14,39,7.0
2020-09-15,52,9.6
2020-09-16,47,8.4
2020-09-17,38,6.9
2020-09-18,55,11.1
2020-09-19,64,16.0
2020-09-20,55,11.0
2020-09-21,21,3.8
2020-09-22,17,3.0
2020-09-23,12,2.2
2020-09-24,11,2.0
2020-09-25,45,8.1
2020-09-26,53,10.1
2020-09-27,40,7.2
2020-09-28,16,2.9
2020-09-29,,4.666667
2020-09-30,63,15.7
2020-10-02,,9.916667
2020-10-03,56,12.0
2020-10-04,63,15.6
2020-10-05,63,15.7
2020-10-06,78,23.8
2020-10-07,,15.764706
2020-10-08,60,13.9
2020-10-09,27,4.8
2020-10-10,52,9.5
2020-10-11,48,8.6
2020-10-12,56,11.9
2020-10-13,61,14.6
2020-10-14,59,13.6
2020-10-15,52,9.7
2020-10-16,33,6.0
2020-10-17,46,8.2
2020-10-18,53,10.1
2020-10-19,54,10.6
2020-10-20,40,7.2
2020-10-21,39,7.0
2020-10-22,47,8.5
2020-10-23,26,4.6
2020-10-24,32,5.8
2020-10-25,56,11.9
2020-10-26,37,6.6
2020-10-27,47,8.5
2020-10-28,16,2.8
2020-10-29,19,3.4
2020-10-30,41,7.3
2020-10-31,68,18.3
2020-11-01,68,18.1
2020-11-02,53,10.4
2020-11-03,61,14.5
2020-11-04,59,13.6
2020-11-05,47,8.5
2020-11-06,57,12.3
2020-11-07,57,12.3
2020-11-08,47,8.5
2020-11-09,36,6.5
2020-11-10,46,8.2
2020-11-11,52,9.5
2020-11-12,59,13.6
2020-11-13,67,17.9
2020-11-14,47,8.5
2020-11-15,27,4.9
2020-11-16,52,9.5
2020-11-17,55,11.3
2020-11-18,69,18.9
2020-11-19,48,8.7
2020-11-20,41,7.3
2020-11-21,39,7.0
2020-11-22,52,9.7
2020-11-23,54,10.8
2020-11-24,52,9.6
2020-11-25,36,6.5
2020-11-26,54,10.6
2020-11-27,39,7.0
2020-11-28,14,2.6
2020-11-29,15,2.7
2020-11-30,27,4.8
2020-12-01,54,10.9
2020-12-02,19,3.4
2020-12-03,21,3.8
2020-12-04,55,11.0
2020-12-05,75,22.1
2020-12-06,55,11.0
2020-12-07,53,10.0
2020-12-08,82,25.7
2020-12-09,60,13.9
2020-12-10,51,9.2
2020-12-11,36,6.4
2020-12-12,52,9.5
2020-12-13,35,6.3
2020-12-14,27,4.9
2020-12-15,35,6.3
2020-12-16,29,5.2
2020-12-17,59,13.2
2020-12-18,60,14.0
2020-12-19,33,5.9
2020-12-20,56,12.0
2020-12-21,78,23.7
2020-12-22,56,11.8
2020-12-23,31,5.6
2020-12-24,47,8.5
2020-12-25,62,14.8
2020-12-26,63,15.5
2020-12-27,31,5.6
2020-12-28,37,6.7
2020-12-29,26,4.6
2020-12-30,38,6.8
2020-12-31,23,4.2
2021-01-01,21,3.8
2021-01-02,55,11.0
2021-01-03,72,20.2
2021-01-04,58,12.7
2021-01-05,60,13.8
2021-01-06,33,6.0
2021-01-07,18,3.2
2021-01-08,24,4.4
2021-01-09,52,9.4
2021-01-10,31,5.6
2021-01-11,53,10.0
2021-01-12,58,13.0
2021-01-13,51,9.3
2021-01-14,38,6.8
2021-01-15,21,3.8
2021-01-16,85,27.4
2021-01-17,98,34.1
2021-01-18,72,20.2
2021-01-19,47,8.5
2021-01-20,69,18.6
2021-01-21,53,10.2
2021-01-22,37,6.7
2021-01-23,33,5.9
2021-01-24,33,6.0
2021-01-25,38,6.9
2021-01-26,40,7.2
2021-01-27,27,4.9
2021-01-28,51,9.1
2021-01-29,53,10.3
2021-01-30,38,6.9
2021-01-31,37,6.7
2021-02-01,34,6.2
2021-02-02,53,10.4
2021-02-03,47,8.5
2021-02-04,36,6.5
2021-02-05,19,3.4
2021-02-06,45,8.1
2021-02-07,31,5.5
2021-02-08,44,7.9
2021-02-09,56,11.6
2021-02-10,61,14.5
2021-02-11,26,4.6
2021-02-12,60,13.8
2021-02-13,63,15.8
2021-02-14,48,8.6
2021-02-15,33,6.0
2021-02-16,,9.176471
2021-02-17,,5.153846
2021-02-18,51,9.1
2021-02-19,67,17.8
2021-02-20,64,16.0
2021-02-21,52,9.4
2021-02-22,55,11.5
2021-02-23,59,13.5
2021-02-24,41,7.3
2021-02-25,39,7.1
2021-02-26,51,9.2
2021-02-27,54,10.8
2021-02-28,55,11.2
2021-03-01,20,3.6
2021-03-02,16,2.8
2021-03-03,38,6.9
2021-03-04,52,9.9
2021-03-05,53,10.1
2021-03-06,43,7.7
2021-03-07,54,10.7
2021-03-08,65,16.4
2021-03-09,53,10.3
2021-03-10,46,8.2
2021-03-11,47,8.4
2021-03-12,44,8.0
2021-03-13,36,6.4
2021-03-14,36,6.5
2021-03-15,56,11.7
2021-03-16,56,12.0
2021-03-17,56,11.9
2021-03-18,13,2.4
2021-03-19,,6.272727
2021-03-22,,6.666667
2021-03-23,73,21.0
2021-03-24,52,9.7
2021-03-25,46,8.3
2021-03-26,57,12.1
2021-03-27,61,14.3
2021-03-28,55,11.2
2021-03-29,49,8.9
2021-03-30,46,8.3
2021-03-31,54,10.6
2021-04-01,55,11.3
2021-04-02,55,11.4
2021-04-03,47,8.5
2021-04-04,52,9.6
2021-04-05,51,9.2
2021-04-06,41,7.4
2021-04-07,55,11.1
2021-04-08,58,13.0
2021-04-09,61,14.2
2021-04-10,54,10.6
2021-04-11,52,9.6
2021-04-12,59,13.3
2021-04-13,59,13.6
2021-04-14,48,8.6
2021-04-15,26,4.7
2021-04-16,35,6.3
2021-04-17,17,3.0
2021-04-18,37,6.7
2021-04-19,57,12.5
2021-04-20,51,9.1
2021-04-21,36,6.5
2021-04-22,63,15.4
2021-04-23,59,13.6
2021-04-24,52,9.9
2021-04-25,52,9.5
2021-04-26,57,12.3
2021-04-27,55,11.0
2021-04-28,60,13.7
2021-04-29,67,17.8
2021-04-30,41,7.4
2021-05-01,47,8.4
2021-05-02,29,5.3
2021-05-03,73,20.7
2021-05-04,66,17.4
2021-05-05,23,4.2
2021-05-06,39,7.0
2021-05-07,50,9.0
2021-05-08,44,7.9
2021-05-09,45,8.1
2021-05-10,55,11.4
2021-05-11,38,6.8
2021-05-12,22,4.0
2021-05-13,39,7.1
2021-05-14,43,7.7
2021-05-15,47,8.5
2021-05-16,33,6.0
2021-05-17,28,5.1
2021-05-18,36,6.5
2021-05-19,37,6.7
2021-05-20,37,6.6
2021-05-21,32,5.8
2021-05-22,39,7.0
2021-05-23,51,9.2
2021-05-24,33,6.0
2021-05-25,41,7.4
2021-05-26,47,8.5
2021-05-27,43,7.7
2021-05-28,37,6.7
2021-05-29,33,5.9
2021-05-30,58,13.0
2021-05-31,59,13.5
2021-06-01,40,7.2
2021-06-02,53,10.3
2021-06-03,41,7.3
2021-06-04,27,4.9
2021-06-05,34,6.1
2021-06-06,36,6.5
2021-06-07,52,9.8
2021-06-08,47,8.4
2021-06-09,50,9.0
2021-06-10,39,7.0
2021-06-11,29,5.2
2021-06-12,37,6.7
2021-06-13,41,7.4
2021-06-14,55,11.1
2021-06-15,60,13.7
2021-06-16,54,10.5
2021-06-17,61,14.3
2021-06-18,57,12.5
2021-06-19,67,17.9
2021-06-20,30,5.4
2021-06-21,51,9.1
2021-06-22,,8.971429
2021-06-24,,9.222222
2021-06-25,56,11.8
2021-06-26,38,6.9
2021-06-27,22,4.0
2021-06-28,18,3.3
2021-06-29,20,3.6
2021-06-30,22,4.0
2021-07-01,46,8.2
2021-07-02,33,6.0
2021-07-03,48,8.6
2021-07-04,73,20.7
2021-07-05,69,18.5
2021-07-06,34,6.2
2021-07-07,31,5.6
2021-07-08,18,3.3
2021-07-09,20,3.6
2021-07-10,55,11.2
2021-07-11,66,16.9
2021-07-12,63,15.8
2021-07-13,57,12.1
2021-07-14,50,9.0
2021-07-15,54,10.6
2021-07-16,58,12.7
2021-07-17,54,10.7
2021-07-18,45,8.1
2021-07-19,37,6.7
2021-07-20,52,9.8
2021-07-21,60,13.7
2021-07-22,42,7.6
2021-07-23,55,11.2
2021-07-24,71,20.1
2021-07-25,64,16.2
2021-07-26,54,10.7
2021-07-27,51,9.2
2021-07-28,54,10.7
2021-07-29,55,11.0
2021-07-30,52,9.7
2021-07-31,39,7.1
2021-08-01,57,12.1
2021-08-02,43,7.8
2021-08-03,46,8.3
2021-08-04,56,11.6
2021-08-05,69,18.7
2021-08-06,66,17.3
2021-08-07,56,11.8
2021-08-08,42,7.5
2021-08-09,42,7.5
2021-08-10,43,7.7
2021-08-11,37,6.6
2021-08-12,38,6.9
2021-08-13,32,5.7
2021-08-14,36,6.4
2021-08-15,47,8.5
2021-08-16,59,13.2
2021-08-17,47,8.5
2021-08-18,41,7.4
2021-08-19,57,12.4
2021-08-20,61,14.7
2021-08-21,63,15.7
2021-08-22,61,14.7
2021-08-23,61,14.5
2021-08-24,53,10.4
2021-08-25,53,10.3
2021-08-26,56,12.0
2021-08-27,52,9.5
2021-08-28,52,9.6
2021-08-29,48,8.7
2021-08-30,37,6.7
2021-08-31,57,12.3
2021-09-01,62,14.8
2021-09-02,62,15.1
2021-09-03,56,11.9
2021-09-04,73,21.0
2021-09-05,78,23.6
2021-09-06,57,12.5
2021-09-07,55,11.4
2021-09-08,66,17.1
2021-09-09,64,16.0
2021-09-10,55,11.4
2021-09-11,59,13.6
2021-09-12,45,8.1
2021-09-13,51,9.2
2021-09-14,28,5.0
2021-09-15,18,3.3
2021-09-16,44,7.9
2021-09-17,50,9.0
2021-09-18,58,12.9
2021-09-19,55,11.0
2021-09-20,49,8.9
2021-09-21,54,10.8
2021-09-22,30,5.4
2021-09-23,53,10.2
2021-09-24,57,12.5
2021-09-25,68,18.1
2021-09-26,66,17.4
2021-09-27,53,10.3
2021-09-28,30,5.4
2021-09-29,27,4.9
2021-09-30,33,5.9
2021-10-01,21,3.8
2021-10-02,26,4.7
2021-10-03,49,8.9
2021-10-04,58,13.0
2021-10-05,,15.741667
2021-10-06,67,17.6
2021-10-07,68,18.1
2021-10-08,68,18.3
2021-10-09,57,12.4
2021-10-10,30,5.4
2021-10-11,39,7.0
2021-10-12,35,6.3
2021-10-13,32,5.7
2021-10-14,29,5.3
2021-10-15,36,6.5
2021-10-16,29,5.2
2021-10-17,59,13.6
2021-10-18,69,18.5
2021-10-19,48,8.6
2021-10-20,53,10.4
2021-10-21,53,10.3
2021-10-22,55,11.3
2021-10-23,31,5.5
2021-10-24,27,4.8
2021-10-25,34,6.1
2021-10-26,30,5.4
2021-10-27,19,3.5
2021-10-28,17,3.0
2021-10-29,21,3.7
2021-10-30,77,22.8
2021-10-31,93,31.6
2021-11-01,64,16.0
2021-11-02,60,13.7
2021-11-03,49,8.8
2021-11-04,21,3.8
2021-11-05,49,8.9
2021-11-06,58,13.1
2021-11-07,66,16.9
2021-11-08,59,13.5
2021-11-09,58,12.6
2021-11-10,43,7.7
2021-11-11,31,5.6
2021-11-12,54,10.5
2021-11-13,54,10.8
2021-11-14,63,15.7
2021-11-15,36,6.4
2021-11-16,33,6.0
2021-11-17,31,5.5
2021-11-18,34,6.2
2021-11-19,54,10.7
2021-11-20,61,14.5
2021-11-21,53,10.0
2021-11-22,61,14.5
2021-11-23,60,14.0
2021-11-24,29,5.3
2021-11-25,27,4.8
2021-11-26,41,7.3
2021-11-27,64,16.3
2021-11-28,50,9.0
2021-11-29,60,13.9
2021-11-30,59,13.6
2021-12-01,63,15.5
2021-12-02,56,11.8
2021-12-03,39,7.0
2021-12-04,38,6.8
2021-12-05,31,5.5
2021-12-06,29,5.2
2021-12-07,48,8.6
2021-12-08,70,19.5
2021-12-09,55,11.4
2021-12-10,52,9.5
2021-12-11,26,4.7
2021-12-12,52,9.6
2021-12-13,60,14.0
2021-12-14,54,10.9
2021-12-15,38,6.8
2021-12-16,46,8.3
2021-12-17,36,6.5
2021-12-18,28,5.0
2021-12-19,44,8.0
2021-12-20,43,7.7
2021-12-21,59,13.6
2021-12-22,61,14.6
2021-12-23,34,6.1
2021-12-24,33,5.9
2021-12-25,54,10.5
2021-12-26,52,9.6
2021-12-27,43,7.8
2021-12-28,48,8.6
2021-12-29,68,18.1
2021-12-30,76,22.5
2021-12-31,63,15.6
2022-01-01,63,15.5
2022-01-02,26,4.6
2022-01-03,50,9.0
2022-01-04,61,14.2
2022-01-05,51,9.2
2022-01-06,48,8.6
2022-01-07,53,10.2
2022-01-08,52,9.6
2022-01-09,43,7.7
2022-01-10,23,4.1
2022-01-11,32,5.8
2022-01-12,57,12.2
2022-01-13,76,22.7
2022-01-14,83,26.3
2022-01-15,67,17.8
2022-01-16,61,14.2
2022-01-17,68,18.2
2022-01-18,60,13.9
2022-01-19,63,15.8
2022-01-20,53,10.1
2022-01-21,47,8.4
2022-01-22,55,11.2
2022-01-23,68,18.3
2022-01-24,57,12.5
2022-01-25,50,9.0
2022-01-26,56,11.7
2022-01-27,55,11.1
2022-01-28,56,11.9
2022-01-29,56,11.8
2022-01-30,58,13.0
2022-01-31,55,11.2
2022-02-01,58,12.7
2022-02-02,63,15.5
2022-02-03,21,3.8
2022-02-04,50,9.0
2022-02-05,63,15.5
2022-02-06,77,23.2
2022-02-07,62,14.8
2022-02-08,62,14.9
2022-02-09,70,19.4
2022-02-10,53,10.3
2022-02-11,59,13.5
2022-02-12,52,9.7
2022-02-13,60,13.8
2022-02-14,55,11.0
2022-02-15,55,11.0
2022-02-16,53,10.0
2022-02-17,50,9.0
2022-02-18,39,7.0
2022-02-19,52,9.9
2022-02-20,58,12.7
2022-02-21,57,12.1
2022-02-22,68,18.2
2022-02-23,53,10.1
2022-02-24,29,5.3
2022-02-25,33,5.9
2022-02-26,29,5.2
2022-02-27,30,5.4
2022-02-28,58,13.0
2022-03-01,69,18.6
2022-03-02,69,18.5
2022-03-03,64,15.9
2022-03-04,61,14.5
2022-03-05,53,10.3
2022-03-06,52,9.9
2022-03-07,28,5.0
2022-03-08,23,4.1
2022-03-09,47,8.5
2022-03-10,49,8.8
2022-03-11,52,9.5
2022-03-12,49,8.9
2022-03-13,55,11.5
2022-03-14,37,6.7
2022-03-15,36,6.4
2022-03-16,52,9.8
2022-03-17,52,9.7
2022-03-18,59,13.6
2022-03-19,44,7.9
2022-03-20,57,12.3
2022-03-21,53,10.3
2022-03-22,30,5.4
2022-03-23,23,4.2
2022-03-24,51,9.1
2022-03-25,61,14.2
2022-03-26,58,13.0
2022-03-27,36,6.5
2022-03-28,40,7.2
2022-03-29,54,10.8
2022-03-30,55,11.3
2022-03-31,42,7.6
2022-04-01,56,11.8
2022-04-02,61,14.2
2022-04-03,55,11.0
2022-04-04,58,12.8
2022-04-05,74,21.2
2022-04-06,61,14.7
2022-04-07,30,5.4
2022-04-08,55,11.0
2022-04-09,57,12.5
2022-04-10,49,8.9
2022-04-11,56,12.0
2022-04-12,62,15.0
2022-04-13,61,14.7
2022-04-14,41,7.3
2022-04-15,54,10.5
2022-04-16,59,13.4
2022-04-17,60,14.0
2022-04-18,49,8.9
2022-04-19,46,8.3
2022-04-20,54,10.5
2022-04-21,54,10.7
2022-04-22,52,9.4
2022-04-23,51,9.2
2022-04-24,47,8.5
2022-04-25,41,7.3
2022-04-26,,6.2
2022-04-27,42,7.6
2022-04-29,,5.8
2022-04-30,52,9.7
2022-05-01,47,8.5
2022-05-02,53,10.3
2022-05-03,54,10.9
2022-05-04,53,10.4
2022-05-05,48,8.6
2022-05-06,59,13.6
2022-05-07,67,17.8
2022-05-08,64,15.9
2022-05-09,55,11.2
2022-05-10,49,8.9
2022-05-11,53,10.1
2022-05-12,46,8.2
2022-05-13,36,6.5
2022-05-14,40,7.2
2022-05-15,38,6.8
2022-05-16,49,8.8
2022-05-17,46,8.2
2022-05-18,43,7.7
2022-05-19,50,9.0
2022-05-20,64,16.2
2022-05-21,65,16.7
2022-05-22,31,5.6
2022-05-23,38,6.9
2022-05-24,49,8.9
2022-05-25,24,4.4
2022-05-26,38,6.8
2022-05-27,40,7.2
2022-05-28,58,12.8
2022-05-29,56,11.9
2022-05-30,47,8.5
2022-05-31,43,7.8
2022-06-01,37,6.7
2022-06-02,33,5.9
2022-06-03,33,6.0
2022-06-04,55,11.3
2022-06-05,53,10.0
2022-06-06,28,5.0
2022-06-07,38,6.8
2022-06-08,52,9.8
2022-06-09,59,13.4
2022-06-10,52,9.9
2022-06-11,53,10.1
2022-06-12,88,28.7
2022-06-13,93,31.9
2022-06-14,85,27.4
2022-06-15,77,22.9
2022-06-16,96,33.0
2022-06-17,75,22.2
2022-06-18,59,13.3
2022-06-19,54,10.5
2022-06-20,57,12.1
2022-06-21,57,12.3
2022-06-22,57,12.3
2022-06-23,46,8.3
2022-06-24,46,8.2
2022-06-25,48,8.6
2022-06-26,48,8.6
2022-06-27,52,9.4
2022-06-28,,11.375
2022-06-29,,9.181818
2022-06-30,28,5.0
2022-07-01,36,6.4
2022-07-02,41,7.3
2022-07-03,36,6.4
2022-07-04,48,8.7
2022-07-05,52,9.8
2022-07-06,34,6.1
2022-07-07,33,6.0
2022-07-08,39,7.1
2022-07-09,37,6.6
2022-07-10,25,4.5
2022-07-11,37,6.6
2022-07-12,52,9.8
2022-07-13,47,8.5
2022-07-14,37,6.7
2022-07-15,42,7.5
2022-07-16,75,22.2
2022-07-17,90,29.8
2022-07-18,67,17.5
2022-07-19,38,6.9
2022-07-20,53,10.1
2022-07-21,65,16.4
2022-07-22,59,13.3
2022-07-23,46,8.2
2022-07-24,30,5.4
2022-07-25,29,5.2
2022-07-26,24,4.4
2022-07-27,27,4.8
2022-07-28,34,6.2
2022-07-29,31,5.6
2022-07-30,57,12.4
2022-07-31,53,10.1
2022-08-01,25,4.5
2022-08-02,36,6.4
2022-08-03,53,10.0
2022-08-04,58,12.6
2022-08-05,56,11.7
2022-08-06,35,6.3
2022-08-07,43,7.7
2022-08-08,34,6.2
2022-08-09,38,6.8
2022-08-10,37,6.6
2022-08-11,48,8.6
2022-08-12,48,8.7
2022-08-13,28,5.0
2022-08-14,47,8.4
2022-08-15,44,8.0
2022-08-16,31,5.5
2022-08-17,34,6.1
2022-08-18,37,6.6
2022-08-19,52,9.5
2022-08-20,38,6.8
2022-08-21,42,7.6
2022-08-22,37,6.6
2022-08-23,25,4.5
2022-08-24,29,5.2
2022-08-25,40,7.2
2022-08-26,45,8.1
2022-08-27,29,5.3
2022-08-28,30,5.4
2022-08-29,27,4.9
2022-08-30,34,6.2
2022-08-31,46,8.2
2022-09-01,51,9.3
2022-09-02,60,13.8
2022-09-03,48,8.7
2022-09-04,49,8.8
2022-09-05,33,6.0
2022-09-06,34,6.2
2022-09-07,40,7.2
2022-09-08,56,11.7
2022-09-09,61,14.3
2022-09-10,62,14.8
2022-09-11,60,14.1
2022-09-12,55,11.2
2022-09-13,56,12.0
2022-09-14,56,11.6
2022-09-15,55,11.3
2022-09-16,37,6.6
2022-09-17,47,8.4
2022-09-18,32,5.8
2022-09-19,29,5.2
2022-09-20,35,6.3
2022-09-21,54,10.6
2022-09-22,63,15.6
2022-09-23,67,17.9
2022-09-24,57,12.5
2022-09-25,43,7.8
2022-09-26,52,9.5
2022-09-27,41,7.4
2022-09-28,46,8.2
2022-09-29,44,8.0
2022-09-30,42,7.5
2022-10-01,69,18.8
2022-10-02,69,18.5
2022-10-03,57,12.5
2022-10-04,53,10.1
2022-10-05,67,17.9
2022-10-06,66,17.4
2022-10-07,62,15.1
2022-10-08,64,16.0
2022-10-09,55,11.5
2022-10-10,56,11.7
2022-10-11,58,12.9
2022-10-12,52,9.4
2022-10-13,43,7.7
2022-10-14,55,11.1
2022-10-15,55,11.0
2022-10-16,43,7.7
2022-10-17,46,8.3
2022-10-18,22,3.9
2022-10-19,55,11.5
2022-10-20,52,9.4
2022-10-21,32,5.7
2022-10-22,23,4.2
2022-10-23,20,3.6
2022-10-24,36,6.5
2022-10-25,19,3.5
2022-10-26,47,8.4
2022-10-27,59,13.2
2022-10-28,44,8.0
2022-10-29,38,6.9
2022-10-30,54,10.7
2022-10-31,63,15.7
2022-11-01,62,15.1
2022-11-02,59,13.2
2022-11-03,52,9.5
2022-11-04,35,6.3
2022-11-05,48,8.6
2022-11-06,49,8.8
2022-11-07,44,8.0
2022-11-08,53,10.0
2022-11-09,61,14.5
2022-11-10,57,12.2
2022-11-11,52,9.5
2022-11-12,22,4.0
2022-11-13,29,5.3
2022-11-14,39,7.0
2022-11-15,27,4.8
2022-11-16,43,7.8
2022-11-17,53,10.2
2022-11-18,39,7.0
2022-11-19,47,8.5
2022-11-20,45,8.1
2022-11-21,36,6.4
2022-11-22,39,7.0
2022-11-23,53,10.1
2022-11-24,34,6.1
2022-11-25,19,3.5
2022-11-26,7,1.2
2022-11-27,45,8.1
2022-11-28,53,10.1
2022-11-29,61,14.6
2022-11-30,30,5.4
2022-12-01,35,6.3
2022-12-02,52,9.8
2022-12-03,29,5.3
2022-12-04,62,15.0
2022-12-05,38,6.8
2022-12-06,37,6.6
2022-12-07,50,9.0
2022-12-08,55,11.3
2022-12-09,53,10.0
2022-12-10,41,7.3
2022-12-11,17,3.1
2022-12-12,42,7.6
2022-12-13,42,7.5
2022-12-14,11,2.0
2022-12-15,55,11.5
2022-12-16,43,7.7
2022-12-17,51,9.2
2022-12-18,52,9.5
2022-12-19,18,3.2
2022-12-20,9,1.6
2022-12-21,54,10.9
2022-12-22,57,12.1
2022-12-23,8,1.4
2022-12-24,62,15.2
2022-12-25,74,21.2
2022-12-26,71,19.7
2022-12-27,61,14.3
2022-12-28,64,16.2
2022-12-29,47,8.4
2022-12-30,26,4.6
2022-12-31,65,16.5
2023-01-01,94,32.2
2023-01-02,43,7.7
2023-01-03,54,10.9
2023-01-04,52,9.8
2023-01-05,58,12.7
2023-01-06,50,9.0
2023-01-07,47,8.4
2023-01-08,41,7.4
2023-01-09,58,13.1
2023-01-10,55,11.2
2023-01-11,36,6.5
2023-01-12,27,4.8
2023-01-13,38,6.9
2023-01-14,59,13.4
2023-01-15,29,5.3
2023-01-16,60,14.0
2023-01-17,62,14.9
2023-01-18,60,13.7
2023-01-19,58,12.8
2023-01-20,35,6.3
2023-01-21,38,6.8
2023-01-22,34,6.1
2023-01-23,43,7.7
2023-01-24,22,4.0
2023-01-25,26,4.7
2023-01-26,57,12.2
2023-01-27,71,19.9
2023-01-28,41,7.4
2023-01-29,31,5.6
2023-01-30,33,6.0
2023-01-31,22,4.0
2023-02-01,23,4.2
2023-02-02,21,3.8
2023-02-03,38,6.8
2023-02-04,55,11.5
2023-02-05,42,7.5
2023-02-06,36,6.4
2023-02-07,42,7.6
2023-02-08,23,4.2
2023-02-09,54,10.7
2023-02-10,39,7.1
2023-02-11,34,6.2
2023-02-12,58,13.0
2023-02-13,60,14.1
2023-02-14,50,9.0
2023-02-15,56,11.7
2023-02-16,19,3.5
2023-02-17,19,3.5
2023-02-18,51,9.2
2023-02-19,53,10.0
2023-02-20,28,5.0
2023-02-21,38,6.9
2023-02-22,62,15.2
2023-02-23,66,16.9
2023-02-24,53,10.3
2023-02-25,62,14.9
2023-02-26,55,11.0
2023-02-27,77,22.9
2023-02-28,63,15.3
2023-03-01,60,13.7
2023-03-02,60,14.0
2023-03-03,33,6.0
2023-03-04,60,14.0
2023-03-05,64,15.9
2023-03-06,74,21.2
2023-03-07,63,15.4
2023-03-08,62,15.0
2023-03-09,62,15.2
2023-03-10,56,11.9
2023-03-11,55,11.1
2023-03-12,56,11.8
2023-03-13,58,12.9
2023-03-14,57,12.5
2023-03-15,77,22.9
2023-03-16,51,9.2
2023-03-17,15,2.7
2023-03-18,21,3.8
2023-03-19,51,9.1
2023-03-20,38,6.8
2023-03-21,29,5.3
2023-03-22,39,7.0
2023-03-23,53,10.1
2023-03-24,54,10.7
2023-03-25,57,12.5
2023-03-26,76,22.6
2023-03-27,58,12.7
2023-03-28,38,6.9
2023-03-29,39,7.1
2023-03-30,52,9.6
2023-03-31,56,11.8
2023-04-01,55,11.3
2023-04-02,59,13.5
2023-04-03,64,16.1
2023-04-04,64,16.1
2023-04-05,57,12.5
2023-04-06,19,3.5
2023-04-07,9,1.7
2023-04-08,18,3.2
2023-04-09,26,4.7
2023-04-10,29,5.3
2023-04-11,35,6.3
2023-04-12,50,9.0
2023-04-13,52,9.5
2023-04-14,37,6.7
2023-04-15,54,10.9
2023-04-16,27,4.9
2023-04-17,50,9.0
2023-04-18,53,10.3
2023-04-19,52,9.7
2023-04-20,51,9.3
2023-04-21,23,4.2
2023-04-22,30,5.4
2023-04-23,36,6.4
2023-04-24,33,6.0
2023-04-25,53,10.2
2023-04-26,55,11.0
2023-04-27,48,8.6
2023-04-28,45,8.1
2023-04-29,24,4.4
2023-04-30,29,5.3
2023-05-01,52,9.6
2023-05-02,46,8.3
2023-05-03,55,11.5
2023-05-04,61,14.4
2023-05-05,72,20.2
2023-05-06,63,15.6
2023-05-07,60,13.9
2023-05-08,56,12.0
2023-05-09,47,8.5
2023-05-10,38,6.8
2023-05-11,58,12.6
2023-05-12,65,16.5
2023-05-13,52,9.5
2023-05-14,,4.142857
2023-05-15,48,8.7
2023-05-16,50,9.0
2023-05-17,39,7.0
2023-05-18,49,8.8
2023-05-19,50,9.0
2023-05-20,46,8.3
2023-05-21,66,17.2
2023-05-22,74,21.7
2023-05-23,79,24.2
2023-05-24,79,24.3
2023-05-25,56,12.0
2023-05-26,75,22.0
2023-05-27,76,22.3
2023-05-28,65,16.5
2023-05-29,54,10.8
2023-05-30,54,10.7
2023-05-31,58,12.7
2023-06-01,64,16.3
2023-06-02,65,16.7
2023-06-03,55,11.4
2023-06-04,44,7.9
2023-06-05,54,10.6
2023-06-06,64,16.1
2023-06-07,66,17.3
2023-06-08,53,10.1
2023-06-09,55,11.0
2023-06-10,38,6.8
2023-06-11,36,6.5
2023-06-12,39,7.0
2023-06-13,53,10.3
2023-06-14,68,18.1
2023-06-15,64,16.3
2023-06-16,65,16.8
2023-06-17,71,19.7
2023-06-18,52,9.4
2023-06-19,62,15.0
2023-06-20,66,17.2
2023-06-21,63,15.8
2023-06-22,57,12.5
2023-06-23,59,13.2
2023-06-24,34,6.2
2023-06-25,40,7.2
2023-06-26,38,6.8
2023-06-27,58,13.1
2023-06-28,46,8.2
2023-06-29,45,8.1
2023-06-30,42,7.6
2023-07-01,34,6.2
2023-07-02,46,8.2
2023-07-03,55,11.1
2023-07-04,53,10.4
2023-07-05,46,8.2
2023-07-06,34,6.1
2023-07-07,50,9.0
2023-07-08,47,8.4
2023-07-09,55,11.0
2023-07-10,59,13.6
2023-07-11,55,11.4
2023-07-12,55,11.1
2023-07-13,,10.272727
2023-07-14,66,16.9
2023-07-18,,14.916667
2023-07-19,66,17.3
2023-07-20,64,16.0
2023-07-21,59,13.5
2023-07-22,52,9.9
2023-07-23,47,8.5
2023-07-24,55,11.0
2023-07-25,,7.846154
2023-07-26,,22.333333
2023-07-27,79,24.1
2023-07-28,74,21.2
2023-07-29,69,18.8
2023-07-30,57,12.4
2023-07-31,54,10.8
2023-08-01,54,10.7
2023-08-02,51,9.3
2023-08-03,39,7.1
2023-08-04,48,8.6
2023-08-05,55,11.1
2023-08-06,36,6.5
2023-08-07,39,7.1
2023-08-08,37,6.7
2023-08-09,46,8.2
2023-08-10,43,7.8
2023-08-11,50,9.0
2023-08-12,53,10.2
2023-08-13,55,11.0
2023-08-14,49,8.9
2023-08-15,46,8.2
2023-08-16,41,7.4
2023-08-17,52,9.8
2023-08-18,47,8.4
2023-08-19,50,9.0
2023-08-20,53,10.0
2023-08-21,52,9.5
2023-08-22,47,8.4
2023-08-23,55,11.2
2023-08-24,60,13.8
2023-08-25,62,15.0
2023-08-26,58,13.0
2023-08-27,53,10.0
2023-08-28,49,8.8
2023-08-29,51,9.2
2023-08-30,55,11.4
2023-08-31,65,16.5
2023-09-01,67,17.6
2023-09-02,58,12.6
2023-09-03,47,8.5
2023-09-04,44,8.0
2023-09-05,37,6.7
2023-09-06,39,7.0
2023-09-07,28,5.1
2023-09-08,39,7.0
2023-09-09,41,7.4
2023-09-10,56,11.9
2023-09-11,58,12.6
2023-09-12,56,11.6
2023-09-13,52,9.8
2023-09-14,49,8.9
2023-09-15,55,11.1
2023-09-16,40,7.2
2023-09-17,60,14.0
2023-09-18,63,15.8
2023-09-19,60,13.7
2023-09-20,54,10.9
2023-09-21,41,7.3
2023-09-22,22,4.0
2023-09-23,24,4.3
2023-09-24,25,4.5
2023-09-25,43,7.7
2023-09-26,48,8.7
2023-09-27,55,11.0
2023-09-28,56,11.6
2023-09-29,51,9.3
2023-09-30,34,6.2
2023-10-01,52,9.5
2023-10-02,52,9.7
2023-10-03,37,6.7
2023-10-04,60,13.8
2023-10-05,39,7.0
2023-10-06,47,8.5
2023-10-07,39,7.1
2023-10-08,52,9.6
2023-10-09,56,11.7
2023-10-10,53,10.4
2023-10-11,48,8.7
2023-10-12,36,6.4
2023-10-13,42,7.5
2023-10-14,24,4.4
2023-10-15,18,3.2
2023-10-16,24,4.3
2023-10-17,61,14.3
2023-10-18,61,14.7
2023-10-19,59,13.2
2023-10-20,66,17.0
2023-10-21,49,8.8
2023-10-22,31,5.5
2023-10-23,37,6.6
2023-10-24,38,6.9
2023-10-25,46,8.3
2023-10-26,37,6.6
2023-10-27,43,7.7
2023-10-28,36,6.5
2023-10-29,30,5.4
2023-10-30,21,3.7
2023-10-31,28,5.1
2023-11-01,50,9.0
2023-11-02,58,12.8
2023-11-03,57,12.1
2023-11-04,53,10.1
2023-11-05,52,9.6
2023-11-06,29,5.2
2023-11-07,26,4.6
2023-11-08,27,4.9
2023-11-09,46,8.3
2023-11-10,6,1.1
2023-11-11,28,5.1
2023-11-12,53,10.4
2023-11-13,46,8.2
2023-11-14,49,8.8
2023-11-15,52,9.5
2023-11-16,52,9.5
2023-11-17,48,8.7
2023-11-18,60,14.0
2023-11-19,68,18.0
2023-11-20,44,8.0
2023-11-21,24,4.4
2023-11-22,55,11.0
2023-11-23,82,25.9
2023-11-24,54,10.8
2023-11-25,57,12.5
2023-11-26,47,8.4
2023-11-27,41,7.4
2023-11-28,58,12.7
2023-11-29,69,18.7
2023-11-30,34,6.1
2023-12-01,52,9.7
2023-12-02,61,14.5
2023-12-03,60,14.1
2023-12-04,44,7.9
2023-12-05,63,15.4
2023-12-06,63,15.3
2023-12-07,62,15.0
2023-12-08,37,6.6
2023-12-09,37,6.7
2023-12-10,38,6.8
2023-12-11,63,15.5
2023-12-12,57,12.5
2023-12-13,56,11.9
2023-12-14,52,9.6
2023-12-15,65,16.6
2023-12-16,40,7.2
2023-12-17,79,24.0
2023-12-18,66,17.1
2023-12-19,53,10.0
2023-12-20,42,7.6
2023-12-21,57,12.1
2023-12-22,58,13.1
2023-12-23,52,9.5
2023-12-24,40,7.2
2023-12-25,32,5.7
2023-12-26,21,3.8
2023-12-27,50,9.0
2023-12-28,32,5.8
2023-12-29,53,10.2
2023-12-30,79,24.1
2023-12-31,93,31.7
2024-01-01,,234.0
2024-01-03,,10.3
2024-01-04,56,12.0
2024-01-05,36,6.5
2024-01-06,57,12.3
2024-01-07,52,9.6
2024-01-08,41,7.3
2024-01-09,46,8.2
2024-01-10,57,12.5
2024-01-11,43,7.7
2024-01-12,52,9.8
2024-01-13,62,15.0
2024-01-14,56,11.8
2024-01-15,39,7.0
2024-01-16,31,5.5
2024-01-17,55,11.0
2024-01-18,,16.545455
2024-01-19,52,9.5
2024-01-20,52,9.7
2024-01-21,54,10.6
2024-01-22,48,8.7
2024-01-23,54,10.6
2024-01-24,12,2.1
2024-01-25,19,3.4
2024-01-26,46,8.3
2024-01-27,25,4.5
2024-01-28,51,9.1
2024-01-29,59,13.6
2024-01-30,51,9.2
2024-01-31,54,10.5
2024-02-01,67,17.7
2024-02-02,55,11.0
2024-02-03,27,4.8
2024-02-04,51,9.3
2024-02-05,22,4.0
2024-02-06,55,11.3
2024-02-07,61,14.6
2024-02-08,48,8.7
2024-02-09,46,8.3
2024-02-10,51,9.2
2024-02-11,40,7.2
2024-02-12,17,3.0
2024-02-13,57,12.2
2024-02-14,56,11.6
2024-02-15,57,12.3
2024-02-16,34,6.1
2024-02-17,33,5.9
2024-02-18,63,15.4
2024-02-19,66,17.3
2024-02-20,53,10.0
2024-02-21,27,4.8
2024-02-22,52,9.4
2024-02-23,48,8.7
2024-02-24,54,10.8
2024-02-25,53,10.3
2024-02-26,51,9.1
2024-02-27,58,12.7
2024-02-28,53,10.2
2024-02-29,43,7.7
2024-03-01,59,13.5
2024-03-02,65,16.6
2024-03-03,58,13.0
2024-03-04,58,12.8
2024-03-05,57,12.5
2024-03-06,59,13.4
2024-03-07,41,7.3
2024-03-08,57,12.1
2024-03-09,31,5.5
2024-03-10,54,10.6
2024-03-11,52,9.6
2024-03-12,53,10.0
2024-03-13,52,9.7
2024-03-14,62,15.2
2024-03-15,58,12.8
2024-03-16,47,8.5
2024-03-17,45,8.1
2024-03-18,27,4.9
2024-03-19,25,4.5
2024-03-20,40,7.2
2024-03-21,28,5.0
2024-03-22,31,5.6
2024-03-23,61,14.7
2024-03-24,57,12.2
2024-03-25,54,10.6
2024-03-26,34,6.2
2024-03-27,55,11.2
2024-03-28,65,16.8
2024-03-29,41,7.4
2024-03-30,36,6.4
2024-03-31,54,10.6
2024-04-01,62,14.9
2024-04-02,38,6.9
2024-04-03,37,6.6
2024-04-04,58,13.1
2024-04-05,37,6.6
2024-04-06,38,6.8
2024-04-07,55,11.2
2024-04-08,57,12.5
2024-04-09,59,13.3
2024-04-10,17,3.0
2024-04-11,26,4.7
2024-04-12,43,7.7
2024-04-13,51,9.3
2024-04-14,36,6.5
2024-04-15,51,9.1
2024-04-16,61,14.6
2024-04-17,62,15.1
2024-04-18,61,14.2
2024-04-19,63,15.6
2024-04-20,54,10.6
2024-04-21,18,3.3
2024-04-22,39,7.0
2024-04-23,48,8.6
2024-04-24,44,8.0
2024-04-25,52,9.7
2024-04-26,56,11.8
2024-04-27,58,13.0
2024-04-28,,13.916667
2024-04-29,46,8.2
2024-04-30,47,8.5
2024-05-01,52,9.6
2024-05-02,31,5.5
2024-05-03,37,6.7
2024-05-04,45,8.1
2024-05-05,45,8.1
2024-05-06,55,11.1
2024-05-07,68,18.4
2024-05-08,76,22.7
2024-05-09,102,36.0
2024-05-10,52,9.5
2024-05-11,48,8.7
2024-05-12,51,9.3
2024-05-13,57,12.1
2024-05-14,44,8.0
2024-05-15,63,15.5
2024-05-16,56,11.8
2024-05-17,52,9.7
2024-05-18,68,18.1
2024-05-19,58,12.7
2024-05-20,64,16.0
2024-05-21,76,22.3
2024-05-22,68,18.2
2024-05-23,66,17.0
2024-05-24,67,17.5
2024-05-25,76,22.3
2024-05-26,81,25.1
2024-05-27,100,35.2
2024-05-28,61,14.7
2024-05-29,,11.411765
2024-05-30,40,7.2
2024-05-31,26,4.7
2024-06-01,58,12.7
2024-06-02,58,12.7
2024-06-03,58,13.0
2024-06-04,76,22.7
2024-06-05,60,13.8
2024-06-06,53,10.3
2024-06-07,60,13.8
2024-06-08,58,13.0
2024-06-09,55,11.5
2024-06-10,55,11.0
2024-06-11,55,11.1
2024-06-12,57,12.5
2024-06-13,67,17.9
2024-06-14,65,16.7
2024-06-15,62,14.8
2024-06-16,52,9.9
2024-06-17,51,9.1
2024-06-18,41,7.3
2024-06-19,46,8.2
2024-06-20,32,5.7
2024-06-21,43,7.7
2024-06-22,53,10.0
2024-06-23,46,8.3
2024-06-24,31,5.5
2024-06-25,24,4.4
2024-06-26,22,4.0
2024-06-27,46,8.3
2024-06-28,52,9.8
2024-06-29,52,9.6
2024-06-30,55,11.0
2024-07-01,70,19.2
2024-07-02,71,20.0
2024-07-03,63,15.3
2024-07-04,55,11.5
2024-07-05,63,15.6
2024-07-06,56,11.7
2024-07-07,51,9.1
2024-07-08,,7.666667
2024-07-10,,19.642857
2024-07-11,82,25.8
2024-07-12,71,19.6
2024-07-13,68,18.2
2024-07-14,60,13.7
2024-07-15,63,15.3
2024-07-16,56,11.9
2024-07-17,54,10.6
2024-07-18,44,7.9
2024-07-19,55,11.2
2024-07-20,60,13.7
2024-07-21,56,11.9
2024-07-22,39,7.0
2024-07-23,36,6.5
2024-07-24,41,7.4
2024-07-25,61,14.6
2024-07-26,54,10.9
2024-07-27,53,10.2
2024-07-28,38,6.8
2024-07-29,43,7.7
2024-07-30,73,20.7
2024-07-31,90,30.2
2024-08-01,72,20.6
2024-08-02,,12.230769
2024-08-06,,15.428571
2024-08-07,54,10.6
2024-08-08,58,12.9
2024-08-09,57,12.3
2024-08-10,59,13.4
2024-08-11,63,15.4
2024-08-12,63,15.5
2024-08-13,52,9.5
2024-08-14,41,7.4
2024-08-15,33,5.9
2024-08-16,40,7.2
2024-08-17,53,10.0
2024-08-18,57,12.2
2024-08-19,55,11.0
2024-08-20,56,12.0
2024-08-21,62,14.8
2024-08-22,68,18.2
2024-08-23,55,11.1
2024-08-24,57,12.4
2024-08-25,55,11.5
2024-08-26,37,6.6
2024-08-27,42,7.6
2024-08-28,52,9.8
2024-08-29,41,7.4
2024-08-30,26,4.6
2024-08-31,24,4.3
2024-09-01,28,5.1
2024-09-02,27,4.8
2024-09-03,56,11.6
2024-09-04,52,9.7
2024-09-05,26,4.6
2024-09-06,15,2.7
2024-09-07,48,8.7
2024-09-08,36,6.4
2024-09-09,42,7.6
2024-09-10,42,7.5
2024-09-11,22,4.0
2024-09-12,34,6.2
2024-09-13,56,11.7
2024-09-14,44,8.0
2024-09-15,42,7.5
2024-09-16,49,8.8
2024-09-17,55,11.0
2024-09-18,59,13.2
2024-09-19,45,8.1
2024-09-20,46,8.3
2024-09-21,51,9.3
2024-09-22,53,10.3
2024-09-23,54,10.9
2024-09-24,54,10.5
2024-09-25,44,7.9
2024-09-26,47,8.4
2024-09-27,55,11.4
2024-09-28,55,11.4
2024-09-29,61,14.5
2024-09-30,63,15.6
2024-10-01,56,12.0
2024-10-02,56,11.6
2024-10-03,58,13.1
2024-10-04,,14.5625
2024-10-05,43,7.8
2024-10-06,45,8.1
2024-10-07,55,11.1
2024-10-08,57,12.4
2024-10-09,62,15.2
2024-10-10,62,14.8
2024-10-11,68,18.4
2024-10-12,60,14.1
2024-10-13,51,9.1
2024-10-14,53,10.0
2024-10-15,62,15.0
2024-10-16,42,7.5
2024-10-17,45,8.1
2024-10-18,41,7.3
2024-10-19,55,11.0
2024-10-20,49,8.9
2024-10-21,61,14.3
2024-10-22,62,15.0
2024-10-23,56,11.8
2024-10-24,51,9.1
2024-10-25,46,8.2
2024-10-26,39,7.1
2024-10-27,47,8.5
2024-10-28,53,10.3
2024-10-29,,7.0
2024-10-30,49,8.8
2024-10-31,,8.142857
2024-11-01,,10.5
2024-11-02,39,7.0
2024-11-06,,10.923077
2024-11-07,51,9.2
2024-11-08,41,7.3
2024-11-09,29,5.2
2024-11-10,32,5.8
2024-11-11,56,11.8
2024-11-12,58,12.9
2024-11-13,57,12.3
2024-11-14,57,12.2
2024-11-15,76,22.5
2024-11-16,54,10.9
2024-11-17,29,5.2
2024-11-18,34,6.1
2024-11-19,56,11.7
2024-11-20,36,6.5
2024-11-21,66,16.9
2024-11-22,61,14.2
2024-11-23,67,17.8
2024-11-24,53,10.3
2024-11-25,29,5.3
2024-11-26,58,12.9
2024-11-27,59,13.4
2024-11-28,37,6.7
2024-11-29,42,7.6
2024-11-30,59,13.5
2024-12-01,54,10.5
2024-12-02,58,12.9
2024-12-03,57,12.5
2024-12-04,55,11.0
2024-12-05,27,4.8
2024-12-06,40,7.2
2024-12-07,51,9.3
2024-12-08,48,8.6
2024-12-09,54,10.7
2024-12-10,47,8.5
2024-12-11,69,18.7
2024-12-12,87,28.4
2024-12-13,39,7.0
2024-12-14,49,8.8
2024-12-15,38,6.9
2024-12-16,54,10.7
2024-12-17,52,9.7
2024-12-18,35,6.3
2024-12-19,62,15.0
2024-12-20,58,12.8
2024-12-21,51,9.3
2024-12-22,70,19.2
2024-12-23,46,8.2
2024-12-24,51,9.3
2024-12-25,27,4.8
2024-12-26,48,8.7
2024-12-27,61,14.7
2024-12-28,52,9.7
2024-12-29,61,14.6
2024-12-30,55,11.0
2024-12-31,55,11.1
2025-01-01,65,16.6
2025-01-02,53,10.2
2025-01-03,57,12.5
2025-01-04,58,12.8
2025-01-05,29,5.2
2025-01-06,27,4.8
2025-01-07,44,8.0
2025-01-08,56,11.7
2025-01-09,53,10.4
2025-01-10,34,6.2
2025-01-11,56,11.8
2025-01-12,57,12.4
2025-01-13,30,5.4
2025-01-14,53,10.4
2025-01-15,58,12.7
2025-01-16,66,17.4
2025-01-17,66,17.0
2025-01-18,28,5.0
2025-01-19,28,5.0
2025-01-20,33,6.0
2025-01-21,37,6.7
2025-01-22,67,17.6
2025-01-23,60,13.7
2025-01-24,58,12.7
2025-01-25,50,9.0
2025-01-26,47,8.5
2025-01-27,47,8.5
2025-01-28,58,12.8
2025-01-29,60,14.0
2025-01-30,39,7.0
2025-01-31,46,8.2
2025-02-01,70,19.5
2025-02-02,65,16.5
2025-02-03,45,8.1
2025-02-04,58,12.9
2025-02-05,55,11.3
2025-02-06,52,9.4
2025-02-07,51,9.2
2025-02-08,50,9.0
2025-02-09,52,9.6
2025-02-10,59,13.5
2025-02-11,52,9.7
2025-02-12,28,5.0
2025-02-13,23,4.1
2025-02-14,50,9.0
2025-02-15,52,9.9
2025-02-16,44,8.0
2025-02-17,52,9.9
2025-02-18,37,6.7
2025-02-19,36,6.5
2025-02-20,42,7.5
2025-02-21,21,3.8
2025-02-22,40,7.2
2025-02-23,20,3.6
2025-02-24,45,8.1
2025-02-25,55,11.3
2025-02-26,51,9.2
2025-02-27,57,12.5
2025-02-28,65,16.7
2025-03-01,64,16.3
2025-03-02,61,14.7
2025-03-03,51,9.3
2025-03-04,56,11.9
2025-03-05,29,5.3
2025-03-06,45,8.1
2025-03-07,55,11.3
2025-03-08,60,13.7
2025-03-09,23,4.2
2025-03-10,55,11.0
2025-03-11,36,6.5
2025-03-12,38,6.8
2025-03-13,62,15.0
2025-03-14,84,26.6
2025-03-15,82,25.6
2025-03-16,24,4.4
2025-03-17,47,8.4
2025-03-18,31,5.5
2025-03-19,40,7.2
2025-03-20,24,4.3
2025-03-21,48,8.7
2025-03-22,42,7.5
2025-03-23,52,9.9
2025-03-24,51,9.3
2025-03-25,60,13.9
2025-03-26,58,12.7
2025-03-27,40,7.2
2025-03-28,39,7.0
2025-03-29,54,10.7
2025-03-30,62,14.9
2025-03-31,62,15.1
2025-04-01,62,15.0
2025-04-02,55,11.5
2025-04-03,61,14.4
2025-04-04,57,12.5
2025-04-05,48,8.6
2025-04-06,18,3.2
2025-04-07,37,6.7
2025-04-08,59,13.3
2025-04-09,55,11.4
2025-04-10,44,7.9
2025-04-11,53,10.0
2025-04-12,62,14.9
2025-04-13,37,6.7
2025-04-14,38,6.9
2025-04-15,59,13.3
2025-04-16,56,11.6
2025-04-17,37,6.7
2025-04-18,56,11.7
2025-04-19,62,15.1
2025-04-20,60,13.7
2025-04-21,47,8.5
2025-04-22,56,11.7
2025-04-23,55,11.0
2025-04-24,56,12.0
2025-04-25,61,14.2
2025-04-26,55,11.3
2025-04-27,38,6.9
2025-04-28,43,7.7
2025-04-29,41,7.4
2025-04-30,55,11.1
2025-05-01,55,11.5
2025-05-02,48,8.7
2025-05-03,18,3.3
2025-05-04,25,4.5
2025-05-05,46,8.2
2025-05-06,54,10.8
2025-05-07,47,8.5
2025-05-08,51,9.2
2025-05-09,27,4.9
2025-05-10,42,7.6
2025-05-11,34,6.2
2025-05-12,43,7.8
2025-05-13,53,10.2
2025-05-14,53,10.2
2025-05-15,60,13.7
2025-05-16,61,14.3
2025-05-17,61,14.7
2025-05-18,55,11.5
2025-05-19,56,11.9
2025-05-20,69,18.6
2025-05-21,45,8.1
2025-05-22,56,11.7
2025-05-23,53,10.2
2025-05-24,52,9.7
2025-05-25,62,15.0
2025-05-26,52,9.5
2025-05-27,36,6.4
2025-05-28,43,7.8
2025-05-29,47,8.4
2025-05-30,55,11.3
2025-05-31,52,9.9
2025-06-01,60,13.7
2025-06-02,54,10.6
2025-06-03,52,9.6
2025-06-04,55,11.1
2025-06-05,60,13.7
2025-06-06,61,14.6
2025-06-07,63,15.5
2025-06-08,52,9.5
2025-06-09,54,10.5
2025-06-10,54,10.7
2025-06-11,37,6.6
2025-06-12,27,4.9
2025-06-13,59,13.3
2025-06-14,55,11.4
2025-06-15,44,7.9
2025-06-16,37,6.7
2025-06-17,55,11.0
2025-06-18,63,15.8
2025-06-19,58,13.0
2025-06-20,58,12.8
2025-06-21,59,13.2
2025-06-22,32,5.7
2025-06-23,38,6.9
2025-06-24,31,5.5
2025-06-25,34,6.2
2025-06-26,36,6.5
2025-06-27,44,8.0
2025-06-28,44,7.9
2025-06-29,51,9.3
2025-06-30,67,17.8
2025-07-01,71,20.0
2025-07-02,72,20.4
2025-07-03,48,8.7
2025-07-04,69,18.7
2025-07-05,70,19.2
2025-07-06,63,15.7
2025-07-07,60,14.0
2025-07-08,48,8.7
2025-07-09,42,7.5
2025-07-10,59,13.5
2025-07-11,51,9.1
2025-07-12,43,7.8
2025-07-13,41,7.3
2025-07-14,44,8.0
2025-07-15,55,11.1
2025-07-16,61,14.5
2025-07-17,60,14.1
2025-07-18,53,10.2
2025-07-19,53,10.0
2025-07-20,46,8.3
2025-07-21,42,7.5
2025-07-22,41,7.4
2025-07-23,44,8.0
2025-07-24,46,8.2
2025-07-25,45,8.1
2025-07-26,37,6.7
2025-07-27,52,9.9
2025-07-28,60,13.7
2025-07-29,60,14.0
2025-07-30,64,15.9
2025-07-31,54,10.9
2025-08-01,54,10.6
2025-08-02,43,7.7
2025-08-03,53,10.2
2025-08-04,52,9.5
2025-08-05,55,11.5
2025-08-06,46,8.2
2025-08-07,46,8.2
2025-08-08,50,9.0
2025-08-09,53,10.4
2025-08-10,46,8.2
2025-08-11,47,8.4
2025-08-12,54,10.7
2025-08-13,41,7.3
2025-08-14,52,9.8
2025-08-15,51,9.1
2025-08-16,55,11.0
2025-08-17,53,10.1
2025-08-18,49,8.9
2025-08-19,54,10.7
2025-08-20,58,13.0
2025-08-21,,13.2
2025-08-26,,10.833333
2025-08-27,53,10.3
2025-08-28,54,10.8
2025-08-29,55,11.0
2025-08-30,51,9.2
2025-08-31,48,8.6
2025-09-01,53,10.2
2025-09-02,53,10.4
2025-09-03,55,11.1
2025-09-04,56,11.8
2025-09-05,41,7.4
2025-09-06,52,9.9
2025-09-07,55,11.1
2025-09-08,53,10.2
2025-09-09,55,11.0
2025-09-10,61,14.2
2025-09-11,59,13.3
2025-09-12,66,16.9
2025-09-13,67,17.8
2025-09-14,63,15.5
2025-09-15,62,14.8
2025-09-16,63,15.3
2025-09-17,63,15.5
2025-09-18,64,16.2
2025-09-19,53,10.0
2025-09-20,37,6.6
2025-09-21,29,5.3
2025-09-22,38,6.8
2025-09-23,27,4.9
2025-09-24,23,4.1
2025-09-25,36,6.4
2025-09-26,53,10.1
2025-09-27,58,12.7
2025-09-28,51,9.2
2025-09-29,55,11.0
2025-09-30,57,12.2
2025-10-01,63,15.6
2025-10-02,63,15.8
2025-10-03,56,11.8
2025-10-04,54,10.6
2025-10-05,46,8.2
2025-10-06,48,8.7
2025-10-07,40,7.2
2025-10-08,40,7.2
2025-10-09,40,7.2
2025-10-10,44,8.0
2025-10-11,53,10.1
2025-10-12,54,10.7
2025-10-13,55,11.5
2025-10-14,58,13.1
2025-10-15,59,13.3
2025-10-16,58,12.6
2025-10-17,42,7.6
2025-10-18,26,4.7
2025-10-19,27,4.8
2025-10-20,42,7.5
2025-10-21,52,9.4
2025-10-22,39,7.0
2025-10-23,50,9.0
2025-10-24,36,6.5
2025-10-25,32,5.8
2025-10-28,44,7.9
2025-11-09,26,4.7
2025-11-21,42,7.6
2025-12-02,,8.17
2025-12-03,46,8.2
2025-12-04,12,2.2
2025-12-05,54,10.5
2025-12-06,63,15.8
2025-12-07,58,12.9
2025-12-08,56,11.9
2025-12-09,57,12.4
2025-12-10,52,9.7
2025-12-11,54,10.7
2025-12-12,63,15.5
2025-12-13,53,10.0
2025-12-14,53,10.0
2025-12-15,45,8.1
2025-12-16,60,14.1
2025-12-17,55,11.3
2025-12-18,45,8.1
2025-12-19,51,9.3
2025-12-20,59,13.2
2025-12-21,57,12.3
2025-12-22,55,11.5
2025-12-23,54,10.9
2025-12-24,63,15.3
2025-12-25,46,8.3
2025-12-26,31,5.6
2025-12-27,37,6.6
2025-12-28,51,9.1
2025-12-29,18,3.3
2025-12-30,35,6.3
2025-12-31,81,25.2
