date,aqi,daily_max
2013-07-01,39,0.042
2013-07-02,58,0.057
2013-07-03,49,0.053
2013-07-04,39,0.042
2013-07-05,26,0.028
2013-07-06,23,0.025
2013-07-07,33,0.036
2013-07-08,33,0.036
2013-07-09,33,0.036
2013-07-10,32,0.035
2013-07-11,31,0.034
2013-07-12,51,0.055
2013-07-13,50,0.054
2013-07-14,40,0.043
2013-07-15,35,0.038
2013-07-16,22,0.024
2013-07-17,28,0.03
2013-07-18,33,0.036
2013-07-19,58,0.057
2013-07-20,42,0.045
2013-07-21,30,0.032
2013-07-22,24,0.026
2013-07-23,20,0.022
2013-07-24,25,0.027
2013-07-25,47,0.051
2013-07-26,45,0.049
2013-07-27,23,0.025
2013-07-28,31,0.033
2013-07-29,39,0.042
2013-07-30,36,0.039
2013-07-31,36,0.039
2013-08-01,41,0.044
2013-08-02,45,0.049
2013-08-03,45,0.049
2013-08-04,43,0.046
2013-08-05,41,0.044
2013-08-06,32,0.035
2013-08-07,38,0.041
2013-08-08,44,0.048
2013-08-09,43,0.046
2013-08-10,28,0.03
2013-08-11,31,0.033
2013-08-12,30,0.032
2013-08-13,26,0.028
2013-08-14,35,0.038
2013-08-15,43,0.046
2013-08-16,47,0.051
2013-08-17,31,0.033
2013-08-18,20,0.022
2013-08-19,28,0.03
2013-08-20,44,0.048
2013-08-21,26,0.028
2013-08-22,33,0.036
2013-08-23,30,0.032
2013-08-24,28,0.03
2013-08-25,26,0.028
2013-08-26,38,0.041
2013-08-27,45,0.049
2013-08-28,67,0.06
2013-08-29,43,0.046
2013-08-30,93,0.068
2013-08-31,54,0.056
2013-09-01,44,0.047
2013-09-02,44,0.048
2013-09-03,46,0.05
2013-09-04,51,0.055
2013-09-05,93,0.068
2013-09-06,84,0.065
2013-09-07,61,0.058
2013-09-08,58,0.057
2013-09-09,64,0.059
2013-09-10,49,0.053
2013-09-11,42,0.045
2013-09-12,44,0.048
2013-09-13,48,0.052
2013-09-14,45,0.049
2013-09-15,58,0.057
2013-09-16,49,0.053
2013-09-17,67,0.06
2013-09-18,34,0.037
2013-09-19,37,0.04
2013-09-20,24,0.026
2013-09-21,31,0.033
2013-09-22,37,0.04
2013-09-23,31,0.034
2013-09-24,16,0.017
2013-09-25,50,0.054
2013-09-26,51,0.055
2013-09-27,39,0.042
2013-09-28,47,0.051
2013-09-29,20,0.022
2013-09-30,31,0.034
2013-10-01,31,0.034
2013-10-02,28,0.03
2013-10-03,25,0.027
2013-10-04,25,0.027
2013-10-05,26,0.028
2013-10-06,29,0.031
2013-10-07,31,0.034
2013-10-08,32,0.035
2013-10-09,31,0.033
2013-10-10,37,0.04
2013-10-11,34,0.037
2013-10-12,31,0.033
2013-10-13,27,0.029
2013-10-14,42,0.045
2013-10-15,37,0.04
2013-10-16,19,0.021
2013-10-17,20,0.022
2013-10-18,31,0.034
2013-10-19,32,0.035
2013-10-20,38,0.041
2013-10-21,27,0.029
2013-10-22,32,0.035
2013-10-23,35,0.038
2013-10-24,44,0.048
2013-10-25,31,0.033
2013-10-26,36,0.039
2013-10-27,31,0.034
2013-10-28,31,0.033
2013-10-29,33,0.036
2013-10-30,32,0.035
2013-10-31,22,0.024
2013-11-01,38,0.041
2013-11-02,34,0.037
2013-11-03,30,0.032
2013-11-04,28,0.03
2013-11-05,31,0.033
2013-11-06,25,0.027
2013-11-07,31,0.033
2013-11-08,33,0.036
2013-11-09,22,0.024
2013-11-10,35,0.038
2013-11-11,39,0.042
2013-11-12,21,0.023
2013-11-13,29,0.031
2013-11-14,31,0.033
2013-11-15,19,0.02
2013-11-16,22,0.024
2013-11-17,19,0.02
2013-11-18,36,0.039
2013-11-19,31,0.033
2013-11-20,34,0.037
2013-11-21,19,0.021
2013-11-22,14,0.015
2013-11-23,23,0.025
2013-11-24,29,0.031
2013-11-25,19,0.021
2013-11-26,21,0.023
2013-11-27,26,0.028
2013-11-28,26,0.028
2013-11-29,31,0.033
2013-11-30,31,0.033
2013-12-01,26,0.028
2013-12-02,31,0.034
2013-12-03,29,0.031
2013-12-04,23,0.025
2013-12-05,19,0.021
2013-12-06,15,0.016
2013-12-07,15,0.016
2013-12-08,5,0.005
2013-12-09,15,0.016
2013-12-10,27,0.029
2013-12-11,29,0.031
2013-12-12,31,0.034
2013-12-13,26,0.028
2013-12-14,25,0.027
2013-12-15,21,0.023
2013-12-16,23,0.025
2013-12-17,19,0.02
2013-12-18,28,0.03
2013-12-19,33,0.036
2013-12-20,28,0.03
2013-12-21,29,0.031
2013-12-22,17,0.018
2013-12-23,25,0.027
2013-12-24,31,0.034
2013-12-25,30,0.032
2013-12-26,32,0.035
2013-12-27,31,0.033
2013-12-28,21,0.023
2013-12-29,35,0.038
2013-12-30,12,0.013
2013-12-31,19,0.021
2014-01-01,22,0.024
2014-01-02,27,0.029
2014-01-03,31,0.033
2014-01-04,32,0.035
2014-01-05,30,0.032
2014-01-06,33,0.036
2014-01-07,28,0.03
2014-01-08,31,0.033
2014-01-09,34,0.037
2014-01-10,22,0.024
2014-01-11,36,0.039
2014-01-12,34,0.037
2014-01-13,19,0.021
2014-01-14,31,0.034
2014-01-15,34,0.037
2014-01-16,37,0.04
2014-01-17,36,0.039
2014-01-18,35,0.038
2014-01-19,33,0.036
2014-01-20,42,0.045
2014-01-21,32,0.035
2014-01-22,31,0.034
2014-01-23,31,0.034
2014-01-24,29,0.031
2014-01-25,33,0.036
2014-01-26,35,0.038
2014-01-27,31,0.034
2014-01-28,29,0.031
2014-01-29,31,0.033
2014-01-30,31,0.033
2014-01-31,36,0.039
2014-02-01,29,0.031
2014-02-02,19,0.021
2014-02-03,23,0.025
2014-02-04,16,0.017
2014-02-05,29,0.031
2014-02-06,31,0.033
2014-02-07,28,0.03
2014-02-08,28,0.03
2014-02-09,31,0.034
2014-02-10,26,0.028
2014-02-11,24,0.026
2014-02-12,20,0.022
2014-02-13,33,0.036
2014-02-14,36,0.039
2014-02-15,34,0.037
2014-02-16,54,0.056
2014-02-17,31,0.033
2014-02-18,31,0.033
2014-02-19,32,0.035
2014-02-20,30,0.032
2014-02-21,39,0.042
2014-02-22,39,0.042
2014-02-23,32,0.035
2014-02-24,35,0.038
2014-02-25,31,0.033
2014-02-26,32,0.035
2014-02-27,40,0.043
2014-02-28,42,0.045
2014-03-01,37,0.04
2014-03-02,33,0.036
2014-03-03,32,0.035
2014-03-04,20,0.022
2014-03-05,15,0.016
2014-03-06,22,0.024
2014-03-07,38,0.041
2014-03-08,41,0.044
2014-03-09,45,0.049
2014-03-10,42,0.045
2014-03-11,14,0.015
2014-03-12,41,0.044
2014-03-13,44,0.048
2014-03-14,47,0.051
2014-03-15,40,0.043
2014-03-16,40,0.043
2014-03-17,24,0.026
2014-03-18,37,0.04
2014-03-19,46,0.05
2014-03-20,45,0.049
2014-03-21,80,0.064
2014-03-22,54,0.056
2014-03-23,35,0.038
2014-03-24,42,0.045
2014-03-25,42,0.045
2014-03-26,45,0.049
2014-03-27,42,0.045
2014-03-28,34,0.037
2014-03-29,41,0.044
2014-03-30,44,0.048
2014-03-31,45,0.049
2014-04-01,40,0.043
2014-04-02,34,0.037
2014-04-03,41,0.044
2014-04-04,38,0.041
2014-04-05,41,0.044
2014-04-06,31,0.033
2014-04-07,38,0.041
2014-04-08,39,0.042
2014-04-09,45,0.049
2014-04-10,67,0.06
2014-04-11,48,0.052
2014-04-12,42,0.045
2014-04-13,40,0.043
2014-04-14,41,0.044
2014-04-15,44,0.047
2014-04-16,45,0.049
2014-04-17,38,0.041
2014-04-18,44,0.047
2014-04-19,54,0.056
2014-04-20,67,0.06
2014-04-21,48,0.052
2014-04-22,41,0.044
2014-04-23,74,0.062
2014-04-24,49,0.053
2014-04-25,47,0.051
2014-04-26,49,0.053
2014-04-27,32,0.035
2014-04-28,28,0.03
2014-04-29,42,0.045
2014-04-30,36,0.039
2014-05-01,50,0.054
2014-05-02,51,0.055
2014-05-03,80,0.064
2014-05-04,80,0.064
2014-05-05,54,0.056
2014-05-06,50,0.054
2014-05-07,49,0.053
2014-05-08,35,0.038
2014-05-09,34,0.037
2014-05-10,29,0.031
2014-05-11,29,0.031
2014-05-12,31,0.033
2014-05-13,42,0.045
2014-05-14,26,0.028
2014-05-15,46,0.05
2014-05-16,58,0.057
2014-05-17,54,0.056
2014-05-18,54,0.056
2014-05-19,50,0.054
2014-05-20,61,0.058
2014-05-21,50,0.054
2014-05-22,54,0.056
2014-05-23,71,0.061
2014-05-24,40,0.043
2014-05-25,44,0.048
2014-05-26,44,0.048
2014-05-27,35,0.038
2014-05-28,28,0.03
2014-05-29,21,0.023
2014-05-30,25,0.027
2014-05-31,22,0.024
2014-06-01,23,0.025
2014-06-02,21,0.023
2014-06-03,28,0.03
2014-06-04,27,0.029
2014-06-05,28,0.03
2014-06-06,26,0.028
2014-06-07,24,0.026
2014-06-08,24,0.026
2014-06-09,23,0.025
2014-06-10,31,0.033
2014-06-11,44,0.047
2014-06-12,61,0.058
2014-06-13,47,0.051
2014-06-14,58,0.057
2014-06-15,35,0.038
2014-06-16,25,0.027
2014-06-17,22,0.024
2014-06-18,30,0.032
2014-06-19,41,0.044
2014-06-20,38,0.041
2014-06-21,31,0.034
2014-06-22,38,0.041
2014-06-23,25,0.027
2014-06-24,26,0.028
2014-06-25,28,0.03
2014-06-26,26,0.028
2014-06-27,23,0.025
2014-06-28,21,0.023
2014-06-29,20,0.022
2014-06-30,15,0.016
2014-07-28,40,0.043
2014-07-29,39,0.042
2014-07-30,48,0.052
2014-07-31,49,0.053
2014-08-01,36,0.039
2014-08-02,38,0.041
2014-08-03,36,0.039
2014-08-04,33,0.036
2014-08-05,46,0.05
2014-08-06,40,0.043
2014-08-07,34,0.037
2014-08-08,21,0.023
2014-08-09,24,0.026
2014-08-10,32,0.035
2014-08-11,19,0.021
2014-08-12,33,0.036
2014-08-13,38,0.041
2014-08-14,43,0.046
2014-08-15,93,0.068
2014-08-16,37,0.04
2014-08-17,23,0.025
2014-08-18,17,0.018
2014-08-19,21,0.023
2014-08-20,31,0.033
2014-08-21,26,0.028
2014-08-22,29,0.031
2014-08-23,26,0.028
2014-08-24,32,0.035
2014-08-25,30,0.032
2014-08-26,41,0.044
2014-08-27,44,0.048
2014-08-28,58,0.057
2014-08-29,44,0.047
2014-08-30,18,0.019
2014-08-31,14,0.015
2014-09-01,19,0.02
2014-09-02,22,0.024
2014-09-03,28,0.03
2014-09-04,32,0.035
2014-09-05,38,0.041
2014-09-06,40,0.043
2014-09-07,24,0.026
2014-09-08,37,0.04
2014-09-09,41,0.044
2014-09-10,27,0.029
2014-09-11,32,0.035
2014-09-12,23,0.025
2014-09-13,19,0.02
2014-09-14,31,0.034
2014-09-15,35,0.038
2014-09-16,31,0.033
2014-09-17,32,0.035
2014-09-18,35,0.038
2014-09-19,38,0.041
2014-09-20,38,0.041
2014-09-21,42,0.045
2014-09-22,34,0.037
2014-09-23,38,0.041
2014-09-24,37,0.04
2014-09-25,43,0.046
2014-09-26,44,0.048
2014-09-27,25,0.027
2014-09-28,19,0.02
2014-09-29,24,0.026
2014-09-30,39,0.042
2014-10-01,32,0.035
2014-10-02,30,0.032
2014-10-03,35,0.038
2014-10-04,31,0.034
2014-10-05,38,0.041
2014-10-06,39,0.042
2014-10-07,34,0.037
2014-10-08,47,0.051
2014-10-09,30,0.032
2014-10-10,22,0.024
2014-10-11,20,0.022
2014-10-12,23,0.025
2014-10-13,30,0.032
2014-10-14,29,0.031
2014-10-15,32,0.035
2014-10-16,40,0.043
2014-10-17,44,0.047
2014-10-18,35,0.038
2014-10-19,31,0.034
2014-10-20,35,0.038
2014-10-21,45,0.049
2014-10-22,38,0.041
2014-10-23,31,0.033
2014-10-24,36,0.039
2014-10-25,43,0.046
2014-10-26,48,0.052
2014-10-27,44,0.047
2014-10-28,34,0.037
2014-10-29,31,0.033
2014-10-30,39,0.042
2014-10-31,35,0.038
2014-11-01,32,0.035
2014-11-02,32,0.035
2014-11-03,36,0.039
2014-11-04,32,0.035
2014-11-05,24,0.026
2014-11-06,27,0.029
2014-11-07,30,0.032
2014-11-08,36,0.039
2014-11-09,29,0.031
2014-11-10,43,0.046
2014-11-11,36,0.039
2014-11-12,15,0.016
2014-11-13,23,0.025
2014-11-14,26,0.028
2014-11-15,29,0.031
2014-11-16,16,0.017
2014-11-17,31,0.034
2014-11-18,32,0.035
2014-11-19,38,0.041
2014-11-20,27,0.029
2014-11-21,38,0.041
2014-11-22,39,0.042
2014-11-23,31,0.033
2014-11-24,29,0.031
2014-11-25,29,0.031
2014-11-26,39,0.042
2014-11-27,22,0.024
2014-11-28,27,0.029
2014-11-29,32,0.035
2014-11-30,32,0.035
2014-12-01,27,0.029
2014-12-02,3,0.003
2014-12-03,19,0.021
2014-12-04,24,0.026
2014-12-05,26,0.028
2014-12-06,18,0.019
2014-12-07,22,0.024
2014-12-08,24,0.026
2014-12-09,31,0.033
2014-12-10,18,0.019
2014-12-11,17,0.018
2014-12-12,10,0.011
2014-12-13,30,0.032
2014-12-14,36,0.039
2014-12-15,23,0.025
2014-12-16,15,0.016
2014-12-17,18,0.019
2014-12-18,6,0.007
2014-12-19,16,0.017
2014-12-20,25,0.027
2014-12-21,28,0.03
2014-12-22,12,0.013
2014-12-23,20,0.022
2014-12-24,15,0.016
2014-12-25,24,0.026
2014-12-26,23,0.025
2014-12-27,17,0.018
2014-12-28,8,0.009
2014-12-29,6,0.007
2014-12-30,19,0.021
2014-12-31,22,0.024
2015-01-01,15,0.016
2015-01-02,14,0.015
2015-01-03,19,0.02
2015-01-04,23,0.025
2015-01-05,21,0.023
2015-01-06,28,0.03
2015-01-07,30,0.032
2015-01-08,25,0.027
2015-01-09,28,0.03
2015-01-10,31,0.033
2015-01-11,31,0.034
2015-01-12,17,0.018
2015-01-13,16,0.017
2015-01-14,19,0.02
2015-01-15,17,0.018
2015-01-16,30,0.032
2015-01-17,33,0.036
2015-01-18,37,0.04
2015-01-19,37,0.04
2015-01-20,45,0.049
2015-01-21,34,0.037
2015-01-22,31,0.034
2015-01-23,15,0.016
2015-01-24,28,0.03
2015-01-25,37,0.04
2015-01-26,24,0.026
2015-01-27,33,0.036
2015-01-28,29,0.031
2015-01-29,38,0.041
2015-01-30,26,0.028
2015-01-31,32,0.035
2015-02-01,31,0.033
2015-02-02,26,0.028
2015-02-03,23,0.025
2015-02-04,17,0.018
2015-02-05,31,0.034
2015-02-06,31,0.033
2015-02-07,42,0.045
2015-02-08,38,0.041
2015-02-09,34,0.037
2015-02-10,31,0.033
2015-02-11,40,0.043
2015-02-12,34,0.037
2015-02-13,34,0.037
2015-02-14,44,0.048
2015-02-15,34,0.037
2015-02-16,30,0.032
2015-02-17,34,0.037
2015-02-18,38,0.041
2015-02-19,35,0.038
2015-02-20,38,0.041
2015-02-21,37,0.04
2015-02-22,26,0.028
2015-02-23,31,0.033
2015-02-24,30,0.032
2015-02-25,27,0.029
2015-02-26,37,0.04
2015-02-27,37,0.04
2015-02-28,38,0.041
2015-03-01,18,0.019
2015-03-02,7,0.008
2015-03-03,17,0.018
2015-03-04,25,0.027
2015-03-05,41,0.044
2015-03-06,40,0.043
2015-03-07,42,0.045
2015-03-08,42,0.045
2015-03-09,20,0.022
2015-03-10,17,0.018
2015-03-11,24,0.026
2015-03-12,19,0.02
2015-03-13,23,0.025
2015-03-14,22,0.024
2015-03-15,32,0.035
2015-03-16,44,0.047
2015-03-17,40,0.043
2015-03-18,38,0.041
2015-03-19,31,0.034
2015-03-20,20,0.022
2015-03-21,27,0.029
2015-03-22,27,0.029
2015-03-23,32,0.035
2015-03-24,24,0.026
2015-03-25,37,0.04
2015-03-26,40,0.043
2015-03-27,40,0.043
2015-03-28,34,0.037
2015-03-29,51,0.055
2015-03-30,36,0.039
2015-03-31,33,0.036
2015-04-01,31,0.034
2015-04-02,43,0.046
2015-04-03,35,0.038
2015-04-04,38,0.041
2015-04-05,32,0.035
2015-04-06,21,0.023
2015-04-08,32,0.035
2015-04-09,33,0.036
2015-04-10,22,0.024
2015-04-11,43,0.046
2015-04-12,31,0.033
2015-04-13,19,0.02
2015-04-14,28,0.03
2015-04-15,42,0.045
2015-04-16,24,0.026
2015-04-17,36,0.039
2015-04-18,23,0.025
2015-04-19,44,0.047
2015-04-20,42,0.045
2015-04-21,48,0.052
2015-04-22,51,0.055
2015-04-23,10,0.011
2015-04-29,54,0.056
2015-04-30,84,0.065
2015-05-01,64,0.059
2015-05-02,100,0.07
2015-05-03,64,0.059
2015-05-04,48,0.052
2015-05-05,50,0.054
2015-05-06,41,0.044
2015-05-07,37,0.04
2015-05-08,41,0.044
2015-05-09,37,0.04
2015-05-10,34,0.037
2015-05-11,44,0.047
2015-05-12,33,0.036
2015-05-13,43,0.046
2015-05-14,46,0.05
2015-05-15,24,0.026
2015-05-16,20,0.022
2015-05-17,29,0.031
2015-05-18,3,0.003
2015-05-19,37,0.04
2015-05-20,24,0.026
2015-05-21,26,0.028
2015-05-22,39,0.042
2015-05-23,38,0.041
2015-05-24,32,0.035
2015-05-25,31,0.033
2015-05-26,43,0.046
2015-05-27,25,0.027
2015-05-28,47,0.051
2015-05-29,30,0.032
2015-05-30,31,0.033
2015-05-31,34,0.037
2015-06-01,39,0.042
2015-06-02,34,0.037
2015-06-03,43,0.046
2015-06-04,44,0.047
2015-06-05,45,0.049
2015-06-06,49,0.053
2015-06-07,45,0.049
2015-06-08,46,0.05
2015-06-09,38,0.041
2015-06-10,44,0.047
2015-06-11,38,0.041
2015-06-12,27,0.029
2015-06-13,16,0.017
2015-06-14,19,0.02
2015-06-15,18,0.019
2015-06-16,11,0.012
2015-06-17,18,0.019
2015-06-18,21,0.023
2015-06-19,19,0.02
2015-06-20,26,0.028
2015-06-21,20,0.022
2015-06-22,25,0.027
2015-06-23,26,0.028
2015-06-24,27,0.029
2015-06-25,37,0.04
2015-06-26,28,0.03
2015-06-27,32,0.035
2015-06-28,47,0.051
2015-06-29,36,0.039
2015-06-30,28,0.03
2015-07-01,29,0.031
2015-07-02,19,0.021
2015-07-03,16,0.017
2015-07-04,25,0.027
2015-07-05,30,0.032
2015-07-06,24,0.026
2015-07-07,21,0.023
2015-07-08,22,0.024
2015-07-09,30,0.032
2015-07-10,47,0.051
2015-07-11,41,0.044
2015-07-12,30,0.032
2015-07-13,26,0.028
2015-07-14,34,0.037
2015-07-15,37,0.04
2015-07-16,34,0.037
2015-07-17,34,0.037
2015-07-18,35,0.038
2015-07-19,25,0.027
2015-07-20,33,0.036
2015-07-21,37,0.04
2015-07-22,26,0.028
2015-07-23,33,0.036
2015-07-24,35,0.038
2015-07-25,37,0.04
2015-07-26,38,0.041
2015-07-27,45,0.049
2015-07-28,49,0.053
2015-07-29,45,0.049
2015-07-30,39,0.042
2015-07-31,44,0.047
2015-08-01,47,0.051
2015-08-02,51,0.055
2015-08-03,44,0.048
2015-08-04,67,0.06
2015-08-05,45,0.049
2015-08-06,28,0.03
2015-08-07,35,0.038
2015-08-08,39,0.042
2015-08-09,42,0.045
2015-08-10,40,0.043
2015-08-11,40,0.043
2015-08-12,43,0.046
2015-08-13,48,0.052
2015-08-14,71,0.061
2015-08-15,49,0.053
2015-08-16,39,0.042
2015-08-17,33,0.036
2015-08-18,34,0.037
2015-08-19,21,0.023
2015-08-20,27,0.029
2015-08-21,43,0.046
2015-08-22,32,0.035
2015-08-23,26,0.028
2015-08-24,44,0.048
2015-08-25,44,0.048
2015-08-26,44,0.047
2015-08-27,50,0.054
2015-08-28,67,0.06
2015-08-29,54,0.056
2015-08-30,74,0.062
2015-08-31,61,0.058
2015-09-01,43,0.046
2015-09-02,47,0.051
2015-09-03,67,0.06
2015-09-04,58,0.057
2015-09-05,37,0.04
2015-09-06,45,0.049
2015-09-07,44,0.047
2015-09-08,50,0.054
2015-09-09,40,0.043
2015-09-10,41,0.044
2015-09-11,32,0.035
2015-09-12,39,0.042
2015-09-13,36,0.039
2015-09-14,43,0.046
2015-09-15,46,0.05
2015-09-16,40,0.043
2015-09-17,42,0.045
2015-09-18,44,0.047
2015-09-19,45,0.049
2015-09-20,34,0.037
2015-09-21,38,0.041
2015-09-22,48,0.052
2015-09-23,39,0.042
2015-09-24,40,0.043
2015-09-25,50,0.054
2015-09-26,58,0.057
2015-09-27,30,0.032
2015-09-28,21,0.023
2015-09-29,17,0.018
2015-09-30,31,0.034
2015-10-01,43,0.046
2015-10-02,23,0.025
2015-10-03,20,0.022
2015-10-04,16,0.017
2015-10-05,26,0.028
2015-10-06,37,0.04
2015-10-07,43,0.046
2015-10-08,36,0.039
2015-10-09,31,0.034
2015-10-10,27,0.029
2015-10-11,41,0.044
2015-10-12,40,0.043
2015-10-13,41,0.044
2015-10-14,40,0.043
2015-10-15,43,0.046
2015-10-16,45,0.049
2015-10-17,35,0.038
2015-10-18,37,0.04
2015-10-19,32,0.035
2015-10-20,40,0.043
2015-10-21,37,0.04
2015-10-22,33,0.036
2015-10-23,27,0.029
2015-10-24,26,0.028
2015-10-25,24,0.026
2015-10-26,28,0.03
2015-10-27,14,0.015
2015-10-28,30,0.032
2015-10-29,40,0.043
2015-10-30,32,0.035
2015-10-31,21,0.023
2015-11-01,23,0.025
2015-11-02,18,0.019
2015-11-03,14,0.015
2015-11-04,19,0.02
2015-11-05,16,0.017
2015-11-06,31,0.033
2015-11-07,25,0.027
2015-11-08,26,0.028
2015-11-09,17,0.018
2015-11-10,18,0.019
2015-11-11,31,0.033
2015-11-12,26,0.028
2015-11-13,31,0.034
2015-11-14,36,0.039
2015-11-15,34,0.037
2015-11-16,28,0.03
2015-11-17,36,0.039
2015-11-18,30,0.032
2015-11-19,33,0.036
2015-11-20,29,0.031
2015-11-21,32,0.035
2015-11-22,33,0.036
2015-11-23,31,0.034
2015-11-24,31,0.034
2015-11-25,32,0.035
2015-11-26,34,0.037
2015-11-27,28,0.03
2015-11-28,30,0.032
2015-11-29,17,0.018
2015-11-30,21,0.023
2015-12-01,4,0.004
2015-12-02,20,0.022
2015-12-03,27,0.029
2015-12-04,23,0.025
2015-12-05,30,0.032
2015-12-06,32,0.035
2015-12-07,34,0.037
2015-12-08,33,0.036
2015-12-09,38,0.041
2015-12-10,30,0.032
2015-12-11,31,0.033
2015-12-12,31,0.034
2015-12-13,37,0.04
2015-12-14,31,0.034
2015-12-15,33,0.036
2015-12-16,25,0.027
2015-12-17,28,0.03
2015-12-18,28,0.03
2015-12-19,29,0.031
2015-12-20,28,0.03
2015-12-21,20,0.022
2015-12-22,23,0.025
2015-12-23,19,0.02
2015-12-24,20,0.022
2015-12-25,19,0.02
2015-12-26,21,0.023
2015-12-27,26,0.028
2015-12-28,31,0.034
2015-12-29,17,0.018
2015-12-30,15,0.016
2015-12-31,29,0.031
2016-01-01,27,0.029
2016-01-02,30,0.032
2016-01-03,27,0.029
2016-01-04,27,0.029
2016-01-05,26,0.028
2016-01-06,30,0.032
2016-01-07,19,0.02
2016-01-08,19,0.02
2016-01-09,29,0.031
2016-01-10,32,0.035
2016-01-11,29,0.031
2016-01-12,30,0.032
2016-01-13,25,0.027
2016-01-14,32,0.035
2016-01-15,30,0.032
2016-01-16,29,0.031
2016-01-17,32,0.035
2016-01-18,29,0.031
2016-01-19,29,0.031
2016-01-20,25,0.027
2016-01-21,22,0.024
2016-01-22,31,0.034
2016-01-23,29,0.031
2016-01-24,31,0.033
2016-01-25,33,0.036
2016-01-26,19,0.021
2016-01-27,27,0.029
2016-01-28,33,0.036
2016-01-29,36,0.039
2016-01-30,45,0.049
2016-01-31,38,0.041
2016-02-01,31,0.033
2016-02-02,31,0.033
2016-02-03,33,0.036
2016-02-04,34,0.037
2016-02-05,38,0.041
2016-02-06,40,0.043
2016-02-07,42,0.045
2016-02-08,34,0.037
2016-02-09,36,0.039
2016-02-10,34,0.037
2016-02-11,44,0.047
2016-02-12,44,0.048
2016-02-13,37,0.04
2016-02-14,40,0.043
2016-02-15,30,0.032
2016-02-16,39,0.042
2016-02-17,33,0.036
2016-02-18,35,0.038
2016-02-19,44,0.047
2016-02-20,40,0.043
2016-02-21,29,0.031
2016-02-22,19,0.021
2016-02-23,29,0.031
2016-02-24,30,0.032
2016-02-25,39,0.042
2016-02-26,35,0.038
2016-02-27,42,0.045
2016-02-28,48,0.052
2016-02-29,43,0.046
2016-03-01,33,0.036
2016-03-02,33,0.036
2016-03-03,25,0.027
2016-03-04,35,0.038
2016-03-05,42,0.045
2016-03-06,44,0.047
2016-03-07,42,0.045
2016-03-08,39,0.042
2016-03-09,33,0.036
2016-03-10,28,0.03
2016-03-11,26,0.028
2016-03-12,27,0.029
2016-03-13,43,0.046
2016-03-14,39,0.042
2016-03-15,41,0.044
2016-03-16,43,0.046
2016-03-17,36,0.039
2016-03-18,32,0.035
2016-03-19,35,0.038
2016-03-20,34,0.037
2016-03-21,27,0.029
2016-03-22,50,0.054
2016-03-23,46,0.05
2016-03-24,37,0.04
2016-03-25,35,0.038
2016-03-26,45,0.049
2016-03-27,28,0.03
2016-03-28,38,0.041
2016-03-29,42,0.045
2016-03-30,34,0.037
2016-03-31,27,0.029
2016-04-01,33,0.036
2016-04-02,44,0.048
2016-04-03,47,0.051
2016-04-04,51,0.055
2016-04-05,44,0.048
2016-04-06,48,0.052
2016-04-07,45,0.049
2016-04-08,43,0.046
2016-04-09,54,0.056
2016-04-10,50,0.054
2016-04-11,36,0.039
2016-04-12,27,0.029
2016-04-13,22,0.024
2016-04-14,23,0.025
2016-04-15,26,0.028
2016-04-16,24,0.026
2016-04-17,37,0.04
2016-04-18,45,0.049
2016-04-19,28,0.03
2016-04-20,35,0.038
2016-04-21,37,0.04
2016-04-22,47,0.051
2016-04-23,48,0.052
2016-04-24,50,0.054
2016-04-25,48,0.052
2016-04-26,32,0.035
2016-04-27,30,0.032
2016-04-28,54,0.056
2016-04-29,27,0.029
2016-04-30,33,0.036
2016-05-01,31,0.034
2016-05-02,30,0.032
2016-05-03,37,0.04
2016-05-04,45,0.049
2016-05-05,61,0.058
2016-05-06,50,0.054
2016-05-07,80,0.064
2016-05-08,67,0.06
2016-05-09,37,0.04
2016-05-10,44,0.048
2016-05-11,34,0.037
2016-05-12,38,0.041
2016-05-13,49,0.053
2016-05-14,54,0.056
2016-05-15,38,0.041
2016-05-16,32,0.035
2016-05-17,29,0.031
2016-05-18,26,0.028
2016-05-19,35,0.038
2016-05-20,45,0.049
2016-05-21,48,0.052
2016-05-22,50,0.054
2016-05-23,74,0.062
2016-05-24,64,0.059
2016-05-25,35,0.038
2016-05-26,31,0.033
2016-05-27,44,0.048
2016-05-28,39,0.042
2016-05-29,46,0.05
2016-05-30,58,0.057
2016-05-31,49,0.053
2016-06-01,33,0.036
2016-06-02,28,0.03
2016-06-03,21,0.023
2016-06-04,21,0.023
2016-06-05,33,0.036
2016-06-06,41,0.044
2016-06-07,64,0.059
2016-06-08,48,0.052
2016-06-09,77,0.063
2016-06-10,67,0.06
2016-06-11,30,0.032
2016-06-12,27,0.029
2016-06-13,24,0.026
2016-06-14,31,0.033
2016-06-15,23,0.025
2016-06-16,35,0.038
2016-06-17,41,0.044
2016-06-18,44,0.048
2016-06-19,35,0.038
2016-06-20,40,0.043
2016-06-21,40,0.043
2016-06-22,36,0.039
2016-06-23,42,0.045
2016-06-24,43,0.046
2016-06-25,44,0.047
2016-06-26,41,0.044
2016-06-27,46,0.05
2016-06-28,28,0.03
2016-06-29,49,0.053
2016-06-30,48,0.052
2016-07-01,54,0.056
2016-07-02,58,0.057
2016-07-03,35,0.038
2016-07-04,22,0.024
2016-07-05,21,0.023
2016-07-06,23,0.025
2016-07-07,23,0.025
2016-07-08,19,0.021
2016-07-09,33,0.036
2016-07-10,31,0.033
2016-07-11,19,0.021
2016-07-12,28,0.03
2016-07-13,25,0.027
2016-07-14,28,0.03
2016-07-15,48,0.052
2016-07-16,58,0.057
2016-07-17,36,0.039
2016-07-18,38,0.041
2016-07-19,45,0.049
2016-07-20,32,0.035
2016-07-21,46,0.05
2016-07-28,20,0.022
2016-07-29,34,0.037
2016-07-30,31,0.033
2016-07-31,32,0.035
2016-08-01,44,0.047
2016-08-02,32,0.035
2016-08-03,34,0.037
2016-08-04,34,0.037
2016-08-05,38,0.041
2016-08-06,37,0.04
2016-08-07,37,0.04
2016-08-08,39,0.042
2016-08-09,35,0.038
2016-08-10,27,0.029
2016-08-11,26,0.028
2016-08-12,22,0.024
2016-08-13,25,0.027
2016-08-14,26,0.028
2016-08-15,25,0.027
2016-08-16,21,0.023
2016-08-17,24,0.026
2016-08-18,30,0.032
2016-08-19,20,0.022
2016-08-20,16,0.017
2016-08-21,24,0.026
2016-08-22,31,0.033
2016-08-23,31,0.034
2016-08-24,33,0.036
2016-08-25,33,0.036
2016-08-26,36,0.039
2016-08-27,35,0.038
2016-08-28,30,0.032
2016-08-29,34,0.037
2016-08-30,33,0.036
2016-08-31,41,0.044
2016-09-01,47,0.051
2016-09-02,40,0.043
2016-09-03,44,0.047
2016-09-04,36,0.039
2016-09-05,29,0.031
2016-09-06,34,0.037
2016-09-07,31,0.033
2016-09-08,44,0.047
2016-09-09,40,0.043
2016-09-10,34,0.037
2016-09-11,31,0.034
2016-09-12,34,0.037
2016-09-13,33,0.036
2016-09-14,32,0.035
2016-09-15,35,0.038
2016-09-16,25,0.027
2016-09-17,20,0.022
2016-09-18,30,0.032
2016-09-19,43,0.046
2016-09-20,44,0.048
2016-09-21,49,0.053
2016-09-22,54,0.056
2016-09-23,44,0.048
2016-09-24,50,0.054
2016-09-25,46,0.05
2016-09-26,44,0.047
2016-09-27,38,0.041
2016-09-28,54,0.056
2016-09-29,32,0.035
2016-09-30,44,0.047
2016-10-01,45,0.049
2016-10-02,47,0.051
2016-10-03,46,0.05
2016-10-04,43,0.046
2016-10-05,42,0.045
2016-10-06,40,0.043
2016-10-07,49,0.053
2016-10-08,42,0.045
2016-10-09,40,0.043
2016-10-10,47,0.051
2016-10-11,44,0.047
2016-10-12,39,0.042
2016-10-13,38,0.041
2016-10-14,45,0.049
2016-10-15,34,0.037
2016-10-16,34,0.037
2016-10-17,27,0.029
2016-10-18,32,0.035
2016-10-19,26,0.028
2016-10-20,26,0.028
2016-10-21,34,0.037
2016-10-22,37,0.04
2016-10-23,42,0.045
2016-10-24,48,0.052
2016-10-25,67,0.06
2016-10-26,47,0.051
2016-10-27,44,0.047
2016-10-28,44,0.048
2016-10-29,42,0.045
2016-10-30,48,0.052
2016-10-31,44,0.047
2016-11-01,42,0.045
2016-11-02,40,0.043
2016-11-03,35,0.038
2016-11-04,36,0.039
2016-11-05,38,0.041
2016-11-06,42,0.045
2016-11-07,28,0.03
2016-11-08,22,0.024
2016-11-09,33,0.036
2016-11-10,32,0.035
2016-11-11,32,0.035
2016-11-12,37,0.04
2016-11-13,34,0.037
2016-11-14,43,0.046
2016-11-15,42,0.045
2016-11-16,39,0.042
2016-11-17,39,0.042
2016-11-18,40,0.043
2016-11-19,35,0.038
2016-11-20,34,0.037
2016-11-21,30,0.032
2016-11-22,36,0.039
2016-11-23,28,0.03
2016-11-24,27,0.029
2016-11-25,29,0.031
2016-11-26,27,0.029
2016-11-27,33,0.036
2016-11-28,35,0.038
2016-11-29,28,0.03
2016-11-30,28,0.03
2016-12-01,32,0.035
2016-12-02,32,0.035
2016-12-03,33,0.036
2016-12-04,19,0.02
2016-12-05,7,0.008
2016-12-06,19,0.02
2016-12-07,18,0.019
2016-12-08,26,0.028
2016-12-09,26,0.028
2016-12-10,30,0.032
2016-12-11,37,0.04
2016-12-12,19,0.02
2016-12-13,18,0.019
2016-12-14,15,0.016
2016-12-15,28,0.03
2016-12-16,27,0.029
2016-12-17,19,0.021
2016-12-18,25,0.027
2016-12-19,26,0.028
2016-12-20,16,0.017
2016-12-21,18,0.019
2016-12-22,24,0.026
2016-12-23,31,0.034
2016-12-24,25,0.027
2016-12-25,23,0.025
2016-12-26,22,0.024
2016-12-27,23,0.025
2016-12-28,18,0.019
2016-12-29,36,0.039
2016-12-30,34,0.037
2016-12-31,28,0.03
2017-01-01,20,0.022
2017-01-02,23,0.025
2017-01-03,28,0.03
2017-01-04,19,0.02
2017-01-05,17,0.018
2017-01-06,25,0.027
2017-01-07,31,0.033
2017-01-08,30,0.032
2017-01-09,31,0.034
2017-01-10,32,0.035
2017-01-11,31,0.033
2017-01-12,31,0.033
2017-01-13,26,0.028
2017-01-14,33,0.036
2017-01-15,30,0.032
2017-01-16,27,0.029
2017-01-17,27,0.029
2017-01-18,18,0.019
2017-01-19,19,0.021
2017-01-20,27,0.029
2017-01-21,31,0.034
2017-01-22,37,0.04
2017-01-23,28,0.03
2017-01-24,31,0.033
2017-01-25,28,0.03
2017-01-26,17,0.018
2017-01-27,25,0.027
2017-01-28,36,0.039
2017-01-29,38,0.041
2017-01-30,37,0.04
2017-01-31,46,0.05
2017-02-01,38,0.041
2017-02-02,20,0.022
2017-02-03,33,0.036
2017-02-04,36,0.039
2017-02-05,19,0.021
2017-02-06,30,0.032
2017-02-07,,0.032
2017-02-08,31,0.034
2017-02-09,30,0.032
2017-02-10,42,0.045
2017-02-11,23,0.025
2017-02-12,33,0.036
2017-02-13,36,0.039
2017-02-14,34,0.037
2017-02-15,39,0.042
2017-02-16,37,0.04
2017-02-17,43,0.046
2017-02-18,36,0.039
2017-02-19,43,0.046
2017-02-20,37,0.04
2017-02-21,31,0.034
2017-03-01,41,0.044
2017-03-02,41,0.044
2017-03-03,42,0.045
2017-03-04,44,0.047
2017-03-05,38,0.041
2017-03-06,40,0.043
2017-03-07,32,0.035
2017-03-08,37,0.04
2017-03-09,29,0.031
2017-03-10,34,0.037
2017-03-11,31,0.033
2017-03-12,34,0.037
2017-03-13,29,0.031
2017-03-14,31,0.033
2017-03-15,41,0.044
2017-03-16,34,0.037
2017-03-17,42,0.045
2017-03-18,33,0.036
2017-03-19,44,0.047
2017-03-20,32,0.035
2017-03-21,40,0.043
2017-03-22,43,0.046
2017-03-23,47,0.051
2017-03-24,42,0.045
2017-03-25,43,0.046
2017-03-26,41,0.044
2017-03-27,33,0.036
2017-03-28,36,0.039
2017-03-29,34,0.037
2017-03-30,38,0.041
2017-03-31,44,0.048
2017-04-01,47,0.051
2017-04-02,38,0.041
2017-04-03,37,0.04
2017-04-04,43,0.046
2017-04-05,37,0.04
2017-04-06,42,0.045
2017-04-07,44,0.048
2017-04-08,50,0.054
2017-04-09,54,0.056
2017-04-10,40,0.043
2017-04-11,44,0.048
2017-04-12,43,0.046
2017-04-13,45,0.049
2017-04-14,45,0.049
2017-04-15,37,0.04
2017-04-16,31,0.033
2017-04-17,25,0.027
2017-04-18,24,0.026
2017-04-19,40,0.043
2017-04-20,31,0.033
2017-04-21,38,0.041
2017-04-22,24,0.026
2017-04-23,31,0.034
2017-04-24,50,0.054
2017-04-25,64,0.059
2017-04-26,38,0.041
2017-04-27,31,0.034
2017-04-28,34,0.037
2017-04-29,23,0.025
2017-04-30,40,0.043
2017-05-01,34,0.037
2017-05-02,77,0.063
2017-05-03,42,0.045
2017-05-04,34,0.037
2017-05-05,47,0.051
2017-05-06,46,0.05
2017-05-07,58,0.057
2017-05-08,90,0.067
2017-05-09,64,0.059
2017-05-10,39,0.042
2017-05-11,34,0.037
2017-05-12,44,0.047
2017-05-13,30,0.032
2017-05-14,54,0.056
2017-05-15,37,0.04
2017-05-16,47,0.051
2017-05-17,42,0.045
2017-05-18,29,0.031
2017-05-19,16,0.017
2017-05-20,9,0.01
2017-05-21,11,0.012
2017-05-22,34,0.037
2017-05-23,33,0.036
2017-05-24,37,0.04
2017-05-25,41,0.044
2017-05-26,51,0.055
2017-05-27,26,0.028
2017-05-28,40,0.043
2017-05-29,40,0.043
2017-05-30,26,0.028
2017-05-31,26,0.028
2017-06-01,22,0.024
2017-06-02,29,0.031
2017-06-03,16,0.017
2017-06-04,19,0.02
2017-06-05,28,0.03
2017-06-06,21,0.023
2017-06-07,40,0.043
2017-06-08,50,0.054
2017-06-09,61,0.058
2017-06-10,49,0.053
2017-06-11,32,0.035
2017-06-12,14,0.015
2017-06-13,24,0.026
2017-06-14,25,0.027
2017-06-15,24,0.026
2017-06-16,31,0.033
2017-06-17,20,0.022
2017-06-18,17,0.018
2017-06-19,22,0.024
2017-06-20,14,0.015
2017-06-21,9,0.01
2017-06-22,24,0.026
2017-06-23,23,0.025
2017-06-24,33,0.036
2017-06-25,31,0.033
2017-06-26,24,0.026
2017-06-27,45,0.049
2017-06-28,42,0.045
2017-06-29,18,0.019
2017-06-30,16,0.017
2017-07-01,19,0.02
2017-07-02,26,0.028
2017-07-03,18,0.019
2017-07-04,17,0.018
2017-07-05,16,0.017
2017-07-06,23,0.025
2017-07-07,36,0.039
2017-07-08,44,0.047
2017-07-09,39,0.042
2017-07-10,40,0.043
2017-07-11,33,0.036
2017-07-12,26,0.028
2017-07-13,25,0.027
2017-07-14,36,0.039
2017-07-15,40,0.043
2017-07-16,39,0.042
2017-07-17,36,0.039
2017-07-18,41,0.044
2017-07-19,42,0.045
2017-07-20,41,0.044
2017-07-21,41,0.044
2017-07-22,42,0.045
2017-07-23,31,0.034
2017-07-24,20,0.022
2017-07-25,22,0.024
2017-07-26,30,0.032
2017-07-27,28,0.03
2017-07-28,31,0.033
2017-07-29,36,0.039
2017-07-30,37,0.04
2017-07-31,39,0.042
2017-08-01,43,0.046
2017-08-02,39,0.042
2017-08-03,50,0.054
2017-08-04,41,0.044
2017-08-05,39,0.042
2017-08-06,22,0.024
2017-08-07,12,0.013
2017-08-08,16,0.017
2017-08-09,14,0.015
2017-08-11,30,0.032
2017-08-12,34,0.037
2017-08-13,33,0.036
2017-08-14,19,0.021
2017-08-15,19,0.021
2017-08-16,17,0.018
2017-08-17,17,0.018
2017-08-18,29,0.031
2017-08-19,28,0.03
2017-08-20,32,0.035
2017-08-21,37,0.04
2017-08-22,44,0.048
2017-08-23,33,0.036
2017-08-24,36,0.039
2017-08-25,42,0.045
2017-08-26,27,0.029
2017-08-27,25,0.027
2017-08-28,24,0.026
2017-08-29,26,0.028
2017-08-30,23,0.025
2017-08-31,21,0.023
2017-09-01,36,0.039
2017-09-02,40,0.043
2017-09-03,43,0.046
2017-09-04,37,0.04
2017-09-05,40,0.043
2017-09-06,19,0.021
2017-09-11,36,0.039
2017-09-12,30,0.032
2017-09-13,42,0.045
2017-09-14,50,0.054
2017-09-15,38,0.041
2017-09-16,28,0.03
2017-09-17,31,0.034
2017-09-18,29,0.031
2017-09-19,32,0.035
2017-09-20,27,0.029
2017-09-21,37,0.04
2017-09-22,43,0.046
2017-09-23,41,0.044
2017-09-24,43,0.046
2017-09-25,36,0.039
2017-09-26,22,0.024
2017-09-28,44,0.048
2017-09-29,47,0.051
2017-09-30,45,0.049
2017-10-01,39,0.042
2017-10-02,25,0.027
2017-10-03,33,0.036
2017-10-04,33,0.036
2017-10-05,37,0.04
2017-10-06,32,0.035
2017-10-07,21,0.023
2017-10-08,24,0.026
2017-10-09,27,0.029
2017-10-10,23,0.025
2017-10-11,36,0.039
2017-10-12,43,0.046
2017-10-13,41,0.044
2017-10-14,32,0.035
2017-10-15,31,0.034
2017-10-16,30,0.032
2017-10-17,32,0.035
2017-10-18,39,0.042
2017-10-19,40,0.043
2017-10-20,33,0.036
2017-10-21,22,0.024
2017-10-22,31,0.034
2017-10-23,34,0.037
2017-10-24,34,0.037
2017-10-25,35,0.038
2017-10-26,44,0.047
2017-10-27,40,0.043
2017-10-28,30,0.032
2017-10-29,35,0.038
2017-10-30,44,0.048
2017-10-31,31,0.033
2017-11-01,28,0.03
2017-11-02,25,0.027
2017-11-03,24,0.026
2017-11-04,20,0.022
2017-11-05,25,0.027
2017-11-06,24,0.026
2017-11-07,21,0.023
2017-11-08,12,0.013
2017-11-09,31,0.033
2017-11-10,35,0.038
2017-11-11,32,0.035
2017-11-12,26,0.028
2017-11-13,26,0.028
2017-11-14,33,0.036
2017-11-15,33,0.036
2017-11-16,34,0.037
2017-11-17,42,0.045
2017-11-18,31,0.033
2017-11-19,36,0.039
2017-11-20,30,0.032
2017-11-21,27,0.029
2017-11-22,30,0.032
2017-11-23,31,0.034
2017-11-24,31,0.033
2017-11-25,34,0.037
2017-11-26,34,0.037
2017-11-27,33,0.036
2017-11-28,35,0.038
2017-11-29,29,0.031
2017-11-30,40,0.043
2017-12-01,31,0.033
2017-12-02,26,0.028
2017-12-03,32,0.035
2017-12-04,25,0.027
2017-12-05,21,0.023
2017-12-06,27,0.029
2017-12-07,28,0.03
2017-12-08,24,0.026
2017-12-09,27,0.029
2017-12-10,31,0.034
2017-12-11,31,0.033
2017-12-12,31,0.034
2017-12-13,35,0.038
2017-12-14,21,0.023
2017-12-15,24,0.026
2017-12-16,30,0.032
2017-12-17,20,0.022
2017-12-18,16,0.017
2017-12-19,15,0.016
2017-12-20,25,0.027
2017-12-21,31,0.033
2017-12-22,21,0.023
2017-12-23,15,0.016
2017-12-24,22,0.024
2017-12-25,31,0.034
2017-12-26,26,0.028
2017-12-27,26,0.028
2017-12-28,23,0.025
2017-12-29,28,0.03
2017-12-30,25,0.027
2017-12-31,25,0.027
2018-01-01,31,0.034
2018-01-02,29,0.031
2018-01-03,30,0.032
2018-01-04,31,0.033
2018-01-05,30,0.032
2018-01-06,36,0.039
2018-01-07,35,0.038
2018-01-08,23,0.025
2018-01-09,12,0.013
2018-01-10,26,0.028
2018-01-11,34,0.037
2018-01-12,22,0.024
2018-01-13,28,0.03
2018-01-14,31,0.034
2018-01-15,31,0.033
2018-01-16,32,0.035
2018-01-17,31,0.033
2018-01-18,25,0.027
2018-01-19,23,0.025
2018-01-20,34,0.037
2018-01-21,37,0.04
2018-01-22,33,0.036
2018-01-23,36,0.039
2018-01-24,35,0.038
2018-01-25,33,0.036
2018-01-26,33,0.036
2018-01-27,23,0.025
2018-01-28,25,0.027
2018-01-29,33,0.036
2018-01-30,29,0.031
2018-01-31,38,0.041
2018-02-01,31,0.034
2018-02-02,33,0.036
2018-02-03,30,0.032
2018-02-04,34,0.037
2018-02-05,20,0.022
2018-02-06,22,0.024
2018-02-07,19,0.021
2018-02-08,28,0.03
2018-02-09,16,0.017
2018-02-10,17,0.018
2018-02-11,20,0.022
2018-02-12,19,0.02
2018-02-13,12,0.013
2018-02-14,19,0.021
2018-02-15,29,0.031
2018-02-16,25,0.027
2018-02-17,20,0.022
2018-02-18,16,0.017
2018-02-19,29,0.031
2018-02-20,24,0.026
2018-02-21,22,0.024
2018-02-22,22,0.024
2018-02-23,20,0.022
2018-02-24,35,0.038
2018-02-25,36,0.039
2018-02-26,32,0.035
2018-02-27,32,0.035
2018-02-28,27,0.029
2018-03-01,30,0.032
2018-03-02,40,0.043
2018-03-03,40,0.043
2018-03-04,41,0.044
2018-03-05,38,0.041
2018-03-06,44,0.047
2018-03-07,39,0.042
2018-03-08,44,0.047
2018-03-09,49,0.053
2018-03-10,43,0.046
2018-03-11,37,0.04
2018-03-12,42,0.045
2018-03-13,44,0.047
2018-03-14,45,0.049
2018-03-15,49,0.053
2018-03-16,31,0.033
2018-03-17,34,0.037
2018-03-18,16,0.017
2018-03-19,38,0.041
2018-03-20,33,0.036
2018-03-21,40,0.043
2018-03-22,44,0.048
2018-03-23,64,0.059
2018-03-24,44,0.047
2018-03-25,31,0.034
2018-03-26,31,0.033
2018-03-27,31,0.033
2018-03-28,35,0.038
2018-03-29,34,0.037
2018-04-04,43,0.046
2018-04-05,45,0.049
2018-04-06,33,0.036
2018-04-07,31,0.034
2018-04-08,40,0.043
2018-04-09,44,0.047
2018-04-10,46,0.05
2018-04-11,45,0.049
2018-04-12,49,0.053
2018-04-13,40,0.043
2018-04-14,,0.028
2018-04-17,61,0.058
2018-04-18,40,0.043
2018-04-19,44,0.048
2018-04-20,42,0.045
2018-04-21,45,0.049
2018-04-22,42,0.045
2018-04-23,25,0.027
2018-04-24,39,0.042
2018-04-25,58,0.057
2018-04-26,34,0.037
2018-04-27,47,0.051
2018-04-28,61,0.058
2018-04-29,45,0.049
2018-04-30,54,0.056
2018-05-01,40,0.043
2018-05-02,43,0.046
2018-05-03,41,0.044
2018-05-04,39,0.042
2018-05-05,35,0.038
2018-05-06,50,0.054
2018-05-07,54,0.056
2018-05-08,97,0.069
2018-05-09,80,0.064
2018-05-10,71,0.061
2018-05-11,58,0.057
2018-05-12,50,0.054
2018-05-13,44,0.048
2018-05-14,49,0.053
2018-05-15,51,0.055
2018-05-16,47,0.051
2018-05-17,47,0.051
2018-05-18,51,0.055
2018-05-19,47,0.051
2018-05-20,46,0.05
2018-05-21,42,0.045
2018-05-22,36,0.039
2018-05-23,58,0.057
2018-05-24,47,0.051
2018-05-25,45,0.049
2018-05-26,37,0.04
2018-05-27,31,0.034
2018-05-28,28,0.03
2018-05-29,36,0.039
2018-05-31,18,0.019
2018-06-01,30,0.032
2018-06-02,21,0.023
2018-06-05,50,0.054
2018-06-06,61,0.058
2018-06-07,77,0.063
2018-06-08,80,0.064
2018-06-09,51,0.055
2018-06-10,28,0.03
2018-06-11,22,0.024
2018-06-12,23,0.025
2018-06-13,30,0.032
2018-06-14,34,0.037
2018-06-15,39,0.042
2018-06-16,40,0.043
2018-06-17,22,0.024
2018-06-18,21,0.023
2018-06-19,23,0.025
2018-06-20,26,0.028
2018-06-21,20,0.022
2018-06-22,31,0.034
2018-06-23,19,0.021
2018-06-24,22,0.024
2018-06-25,24,0.026
2018-06-26,31,0.034
2018-06-27,29,0.031
2018-06-28,34,0.037
2018-06-29,33,0.036
2018-06-30,36,0.039
2018-07-01,31,0.034
2018-07-02,30,0.032
2018-07-03,33,0.036
2018-07-04,34,0.037
2018-07-05,30,0.032
2018-07-06,32,0.035
2018-07-07,37,0.04
2018-07-08,30,0.032
2018-07-09,28,0.03
2018-07-10,34,0.037
2018-07-11,43,0.046
2018-07-12,45,0.049
2018-07-13,36,0.039
2018-07-14,42,0.045
2018-07-15,28,0.03
2018-07-16,32,0.035
2018-07-17,31,0.034
2018-07-18,40,0.043
2018-07-19,41,0.044
2018-07-20,42,0.045
2018-07-21,35,0.038
2018-07-22,38,0.041
2018-07-23,44,0.047
2018-07-24,42,0.045
2018-07-25,50,0.054
2018-07-26,47,0.051
2018-07-27,58,0.057
2018-07-28,44,0.048
2018-07-29,41,0.044
2018-07-30,46,0.05
2018-07-31,37,0.04
2018-08-01,46,0.05
2018-08-02,45,0.049
2018-08-03,41,0.044
2018-08-04,33,0.036
2018-08-05,30,0.032
2018-08-06,40,0.043
2018-08-07,32,0.035
2018-08-08,31,0.034
2018-08-09,34,0.037
2018-08-10,34,0.037
2018-08-11,43,0.046
2018-08-12,35,0.038
2018-08-13,26,0.028
2018-08-14,31,0.033
2018-08-15,35,0.038
2018-08-16,32,0.035
2018-08-17,30,0.032
2018-08-18,27,0.029
2018-08-19,22,0.024
2018-08-20,30,0.032
2018-08-21,40,0.043
2018-08-22,43,0.046
2018-08-23,44,0.047
2018-08-24,67,0.06
2018-08-25,77,0.063
2018-08-26,35,0.038
2018-08-27,29,0.031
2018-08-28,30,0.032
2018-08-29,31,0.033
2018-08-30,32,0.035
2018-08-31,28,0.03
2018-09-01,24,0.026
2018-09-02,19,0.021
2018-09-03,24,0.026
2018-09-04,21,0.023
2018-09-05,15,0.016
2018-09-06,28,0.03
2018-09-07,26,0.028
2018-09-08,31,0.033
2018-09-09,22,0.024
2018-09-10,19,0.021
2018-09-11,25,0.027
2018-09-12,30,0.032
2018-09-13,31,0.033
2018-09-14,37,0.04
2018-09-15,38,0.041
2018-09-16,33,0.036
2018-09-17,33,0.036
2018-09-18,44,0.047
2018-09-19,38,0.041
2018-09-20,43,0.046
2018-09-21,27,0.029
2018-09-22,28,0.03
2018-09-23,30,0.032
2018-09-24,26,0.028
2018-09-25,25,0.027
2018-09-26,17,0.018
2018-09-27,18,0.019
2018-09-28,21,0.023
2018-09-29,28,0.03
2018-09-30,25,0.027
2018-10-01,28,0.03
2018-10-02,31,0.034
2018-10-03,34,0.037
2018-10-04,35,0.038
2018-10-05,38,0.041
2018-10-06,29,0.031
2018-10-07,33,0.036
2018-10-08,32,0.035
2018-10-09,19,0.02
2018-10-10,24,0.026
2018-10-11,30,0.032
2018-10-12,44,0.047
2018-10-13,36,0.039
2018-10-14,38,0.041
2018-10-15,31,0.033
2018-10-16,6,0.006
2018-10-17,19,0.021
2018-10-18,33,0.036
2018-10-19,31,0.033
2018-10-20,20,0.022
2018-10-21,30,0.032
2018-10-22,31,0.033
2018-10-23,28,0.03
2018-10-24,37,0.04
2018-10-25,24,0.026
2018-10-26,22,0.024
2018-10-27,33,0.036
2018-10-28,40,0.043
2018-10-29,43,0.046
2018-10-30,42,0.045
2018-10-31,39,0.042
2018-11-01,23,0.025
2018-11-02,31,0.034
2018-11-03,39,0.042
2018-11-04,23,0.025
2018-11-05,22,0.024
2018-11-06,31,0.033
2018-11-07,18,0.019
2018-11-08,13,0.014
2018-11-09,24,0.026
2018-11-10,27,0.029
2018-11-11,31,0.034
2018-11-12,15,0.016
2018-11-13,14,0.015
2018-11-14,19,0.02
2018-11-15,31,0.034
2018-11-16,38,0.041
2018-11-17,40,0.043
2018-11-18,40,0.043
2018-11-19,12,0.013
2018-11-20,25,0.027
2018-11-21,27,0.029
2018-11-22,31,0.034
2018-11-23,22,0.024
2018-11-24,28,0.03
2018-11-25,22,0.024
2018-11-26,28,0.03
2018-11-27,27,0.029
2018-11-28,30,0.032
2018-11-29,29,0.031
2018-11-30,31,0.033
2018-12-01,28,0.03
2018-12-02,37,0.04
2018-12-03,29,0.031
2018-12-04,25,0.027
2018-12-05,27,0.029
2018-12-06,27,0.029
2018-12-07,21,0.023
2018-12-08,29,0.031
2018-12-09,21,0.023
2018-12-10,24,0.026
2018-12-11,22,0.024
2018-12-12,25,0.027
2018-12-13,23,0.025
2018-12-14,23,0.025
2018-12-15,15,0.016
2018-12-16,24,0.026
2018-12-17,25,0.027
2018-12-18,6,0.007
2018-12-19,20,0.022
2018-12-20,20,0.022
2018-12-21,24,0.026
2018-12-22,31,0.034
2018-12-23,36,0.039
2018-12-24,31,0.033
2018-12-25,31,0.033
2018-12-26,36,0.039
2018-12-27,28,0.03
2018-12-28,21,0.023
2018-12-29,16,0.017
2018-12-30,17,0.018
2018-12-31,20,0.022
2019-01-01,22,0.024
2019-01-02,15,0.016
2019-01-03,14,0.015
2019-01-04,18,0.019
2019-01-05,25,0.027
2019-01-06,32,0.035
2019-01-07,35,0.038
2019-01-08,36,0.039
2019-01-09,36,0.039
2019-01-10,31,0.033
2019-01-11,30,0.032
2019-01-12,27,0.029
2019-01-13,20,0.022
2019-01-14,29,0.031
2019-01-15,28,0.03
2019-01-16,22,0.024
2019-01-17,20,0.022
2019-01-18,22,0.024
2019-01-19,30,0.032
2019-01-20,37,0.04
2019-01-21,35,0.038
2019-01-22,31,0.033
2019-01-23,28,0.03
2019-01-24,32,0.035
2019-01-25,28,0.03
2019-01-26,41,0.044
2019-01-27,39,0.042
2019-01-28,44,0.047
2019-01-29,36,0.039
2019-01-30,31,0.034
2019-01-31,35,0.038
2019-02-01,34,0.037
2019-02-02,31,0.033
2019-02-03,31,0.034
2019-02-04,20,0.022
2019-02-05,15,0.016
2019-02-06,22,0.024
2019-02-07,31,0.034
2019-02-08,30,0.032
2019-02-09,31,0.034
2019-02-10,31,0.033
2019-02-11,23,0.025
2019-02-12,29,0.031
2019-02-13,35,0.038
2019-02-14,40,0.043
2019-02-15,27,0.029
2019-02-19,23,0.025
2019-02-20,20,0.022
2019-02-21,20,0.022
2019-02-22,13,0.014
2019-02-23,31,0.033
2019-02-24,41,0.044
2019-02-25,39,0.042
2019-02-26,34,0.037
2019-02-27,32,0.035
2019-02-28,25,0.027
2019-03-01,12,0.013
2019-03-02,13,0.014
2019-03-03,37,0.04
2019-03-04,37,0.04
2019-03-05,42,0.045
2019-03-06,44,0.047
2019-03-07,42,0.045
2019-03-08,34,0.037
2019-03-09,31,0.034
2019-03-10,35,0.038
2019-03-11,32,0.035
2019-03-12,34,0.037
2019-03-13,23,0.025
2019-03-14,40,0.043
2019-03-15,44,0.048
2019-03-16,43,0.046
2019-03-17,46,0.05
2019-03-18,50,0.054
2019-03-19,49,0.053
2019-03-20,84,0.065
2019-03-21,51,0.055
2019-03-22,49,0.053
2019-03-23,50,0.054
2019-03-24,54,0.056
2019-03-25,41,0.044
2019-03-26,46,0.05
2019-03-27,48,0.052
2019-03-28,51,0.055
2019-03-29,46,0.05
2019-03-30,39,0.042
2019-03-31,38,0.041
2019-04-01,42,0.045
2019-04-02,54,0.056
2019-04-03,49,0.053
2019-04-04,33,0.036
2019-04-05,37,0.04
2019-04-06,28,0.03
2019-04-07,22,0.024
2019-04-08,37,0.04
2019-04-09,40,0.043
2019-04-10,42,0.045
2019-04-11,51,0.055
2019-04-12,43,0.046
2019-04-13,33,0.036
2019-04-14,31,0.034
2019-04-15,44,0.047
2019-04-16,48,0.052
2019-04-17,41,0.044
2019-04-18,41,0.044
2019-04-19,39,0.042
2019-04-20,46,0.05
2019-04-21,50,0.054
2019-04-22,48,0.052
2019-04-23,44,0.048
2019-04-24,37,0.04
2019-04-25,39,0.042
2019-04-26,50,0.054
2019-04-27,48,0.052
2019-04-28,51,0.055
2019-04-29,36,0.039
2019-04-30,38,0.041
2019-05-01,31,0.033
2019-05-02,33,0.036
2019-05-03,40,0.043
2019-05-04,31,0.034
2019-05-05,39,0.042
2019-05-06,46,0.05
2019-05-07,39,0.042
2019-05-08,31,0.033
2019-05-09,20,0.022
2019-05-10,25,0.027
2019-05-11,31,0.033
2019-05-12,33,0.036
2019-05-13,42,0.045
2019-05-14,44,0.047
2019-05-15,47,0.051
2019-05-16,49,0.053
2019-05-17,49,0.053
2019-05-18,36,0.039
2019-05-19,43,0.046
2019-05-20,28,0.03
2019-05-21,33,0.036
2019-05-22,24,0.026
2019-05-23,30,0.032
2019-05-24,33,0.036
2019-05-25,43,0.046
2019-05-26,43,0.046
2019-05-27,38,0.041
2019-05-28,35,0.038
2019-05-29,41,0.044
2019-05-30,35,0.038
2019-05-31,40,0.043
2019-06-01,50,0.054
2019-06-02,48,0.052
2019-06-03,67,0.06
2019-06-04,43,0.046
2019-06-05,25,0.027
2019-06-06,21,0.023
2019-06-07,39,0.042
2019-06-08,32,0.035
2019-06-09,37,0.04
2019-06-10,46,0.05
2019-06-11,45,0.049
2019-06-12,48,0.052
2019-06-13,50,0.054
2019-06-14,44,0.048
2019-06-15,34,0.037
2019-06-16,19,0.021
2019-06-17,19,0.02
2019-06-18,37,0.04
2019-06-19,42,0.045
2019-06-20,19,0.02
2019-06-21,20,0.022
2019-06-22,23,0.025
2019-06-23,22,0.024
2019-06-24,33,0.036
2019-06-25,31,0.033
2019-06-26,25,0.027
2019-06-27,34,0.037
2019-06-28,33,0.036
2019-06-29,40,0.043
2019-06-30,41,0.044
2019-07-01,41,0.044
2019-07-02,58,0.057
2019-07-03,26,0.028
2019-07-04,19,0.021
2019-07-05,28,0.03
2019-07-06,26,0.028
2019-07-07,31,0.034
2019-07-08,15,0.016
2019-07-09,38,0.041
2019-07-10,39,0.042
2019-07-11,31,0.034
2019-07-12,31,0.033
2019-07-13,26,0.028
2019-07-14,21,0.023
2019-07-15,20,0.022
2019-07-16,22,0.024
2019-07-17,14,0.015
2019-07-18,17,0.018
2019-07-19,19,0.02
2019-07-20,18,0.019
2019-07-21,22,0.024
2019-07-22,26,0.028
2019-07-23,34,0.037
2019-07-24,43,0.046
2019-07-25,46,0.05
2019-07-26,46,0.05
2019-07-27,44,0.048
2019-07-28,42,0.045
2019-07-29,33,0.036
2019-07-30,25,0.027
2019-07-31,42,0.045
2019-08-01,37,0.04
2019-08-02,37,0.04
2019-08-03,44,0.048
2019-08-04,36,0.039
2019-08-05,42,0.045
2019-08-06,40,0.043
2019-08-07,30,0.032
2019-08-08,28,0.03
2019-08-09,31,0.034
2019-08-10,27,0.029
2019-08-11,29,0.031
2019-08-12,33,0.036
2019-08-13,32,0.035
2019-08-14,31,0.033
2019-08-15,41,0.044
2019-08-16,45,0.049
2019-08-17,64,0.059
2019-08-18,19,0.02
2019-08-19,21,0.023
2019-08-20,34,0.037
2019-08-21,28,0.03
2019-08-22,22,0.024
2019-08-23,27,0.029
2019-08-24,29,0.031
2019-08-25,22,0.024
2019-08-26,21,0.023
2019-08-27,25,0.027
2019-08-28,36,0.039
2019-08-29,36,0.039
2019-08-30,49,0.053
2019-08-31,46,0.05
2019-09-01,28,0.03
2019-09-02,26,0.028
2019-09-03,39,0.042
2019-09-04,41,0.044
2019-09-05,49,0.053
2019-09-06,43,0.046
2019-09-07,50,0.054
2019-09-08,54,0.056
2019-09-09,48,0.052
2019-09-10,36,0.039
2019-09-11,34,0.037
2019-09-12,46,0.05
2019-09-13,51,0.055
2019-09-14,32,0.035
2019-09-15,40,0.043
2019-09-16,39,0.042
2019-09-17,46,0.05
2019-09-18,45,0.049
2019-09-19,41,0.044
2019-09-20,38,0.041
2019-09-21,36,0.039
2019-09-22,34,0.037
2019-09-23,40,0.043
2019-09-24,37,0.04
2019-09-25,44,0.047
2019-09-26,44,0.048
2019-09-27,44,0.047
2019-09-28,40,0.043
2019-09-29,36,0.039
2019-09-30,33,0.036
2019-10-01,43,0.046
2019-10-02,44,0.048
2019-10-03,44,0.048
2019-10-04,30,0.032
2019-10-05,64,0.059
2019-10-06,31,0.033
2019-10-07,27,0.029
2019-10-08,34,0.037
2019-10-09,36,0.039
2019-10-10,31,0.033
2019-10-11,25,0.027
2019-10-12,30,0.032
2019-10-13,31,0.033
2019-10-14,14,0.015
2019-10-15,20,0.022
2019-10-16,30,0.032
2019-10-17,30,0.032
2019-10-18,33,0.036
2019-10-19,26,0.028
2019-10-20,42,0.045
2019-10-21,31,0.033
2019-10-22,31,0.034
2019-10-23,35,0.038
2019-10-24,35,0.038
2019-10-25,16,0.017
2019-10-26,18,0.019
2019-10-27,22,0.024
2019-10-28,14,0.015
2019-10-29,20,0.022
2019-10-30,15,0.016
2019-10-31,27,0.029
2019-11-01,30,0.032
2019-11-02,35,0.038
2019-11-03,31,0.034
2019-11-04,26,0.028
2019-11-05,32,0.035
2019-11-06,38,0.041
2019-11-07,20,0.022
2019-11-08,20,0.022
2019-11-09,32,0.035
2019-11-10,34,0.037
2019-11-11,26,0.028
2019-11-12,30,0.032
2019-11-13,27,0.029
2019-11-14,24,0.026
2019-11-15,36,0.039
2019-11-16,33,0.036
2019-11-17,34,0.037
2019-11-18,37,0.04
2019-11-19,37,0.04
2019-11-20,33,0.036
2019-11-21,37,0.04
2019-11-22,20,0.022
2019-11-23,19,0.02
2019-11-24,29,0.031
2019-11-25,32,0.035
2019-11-26,31,0.033
2019-11-27,36,0.039
2019-11-28,29,0.031
2019-11-29,29,0.031
2019-11-30,22,0.024
2019-12-01,33,0.036
2019-12-02,29,0.031
2019-12-03,29,0.031
2019-12-04,36,0.039
2019-12-05,31,0.033
2019-12-06,36,0.039
2019-12-07,23,0.025
2019-12-08,30,0.032
2019-12-09,27,0.029
2019-12-10,31,0.033
2019-12-11,30,0.032
2019-12-12,,0.011
2019-12-13,7,0.008
2019-12-14,26,0.028
2019-12-15,36,0.039
2019-12-16,18,0.019
2019-12-17,2,0.002
2019-12-18,9,0.01
2019-12-19,31,0.033
2019-12-20,31,0.034
2019-12-21,19,0.021
2019-12-22,29,0.031
2019-12-23,25,0.027
2019-12-24,27,0.029
2019-12-25,25,0.027
2019-12-26,20,0.022
2019-12-27,19,0.021
2019-12-28,22,0.024
2019-12-29,31,0.033
2019-12-30,31,0.033
2019-12-31,34,0.037
2020-01-01,30,0.032
2020-01-02,27,0.029
2020-01-03,25,0.027
2020-01-04,32,0.035
2020-01-05,33,0.036
2020-01-06,37,0.04
2020-01-07,37,0.04
2020-01-08,31,0.034
2020-01-09,33,0.036
2020-01-10,29,0.031
2020-01-11,28,0.03
2020-01-12,20,0.022
2020-01-13,15,0.016
2020-01-14,23,0.025
2020-01-15,17,0.018
2020-01-16,26,0.028
2020-01-17,29,0.031
2020-01-18,32,0.035
2020-01-19,37,0.04
2020-01-20,31,0.034
2020-01-21,30,0.032
2020-01-22,29,0.031
2020-01-23,25,0.027
2020-01-24,28,0.03
2020-01-25,29,0.031
2020-01-26,28,0.03
2020-01-27,23,0.025
2020-01-28,27,0.029
2020-01-29,24,0.026
2020-01-30,27,0.029
2020-01-31,23,0.025
2020-02-01,31,0.033
2020-02-02,38,0.041
2020-02-03,44,0.048
2020-02-04,27,0.029
2020-02-05,22,0.024
2020-02-06,22,0.024
2020-02-07,35,0.038
2020-02-08,37,0.04
2020-02-09,38,0.041
2020-02-10,22,0.024
2020-02-11,11,0.012
2020-02-12,19,0.021
2020-02-13,31,0.033
2020-02-14,32,0.035
2020-02-15,39,0.042
2020-02-16,33,0.036
2020-02-17,24,0.026
2020-02-18,19,0.02
2020-02-19,16,0.017
2020-02-20,31,0.034
2020-02-21,35,0.038
2020-02-22,39,0.042
2020-02-23,33,0.036
2020-02-24,27,0.029
2020-02-25,31,0.033
2020-02-26,34,0.037
2020-02-27,37,0.04
2020-02-28,42,0.045
2020-02-29,44,0.047
2020-03-01,47,0.051
2020-03-02,31,0.034
2020-03-03,28,0.03
2020-03-04,41,0.044
2020-03-05,41,0.044
2020-03-06,41,0.044
2020-03-07,38,0.041
2020-03-08,43,0.046
2020-03-09,35,0.038
2020-03-10,31,0.034
2020-03-11,31,0.034
2020-03-12,34,0.037
2020-03-13,25,0.027
2020-03-14,28,0.03
2020-03-15,25,0.027
2020-03-16,31,0.033
2020-03-17,37,0.04
2020-03-18,30,0.032
2020-03-19,31,0.033
2020-03-20,31,0.034
2020-03-21,20,0.022
2020-03-22,25,0.027
2020-03-23,20,0.022
2020-03-24,26,0.028
2020-03-25,33,0.036
2020-03-26,47,0.051
2020-03-27,37,0.04
2020-03-28,38,0.041
2020-03-29,39,0.042
2020-03-30,34,0.037
2020-03-31,39,0.042
2020-04-01,45,0.049
2020-04-02,42,0.045
2020-04-03,45,0.049
2020-04-04,32,0.035
2020-04-05,43,0.046
2020-04-06,35,0.038
2020-04-07,23,0.025
2020-04-08,24,0.026
2020-04-09,39,0.042
2020-04-10,44,0.047
2020-04-11,42,0.045
2020-04-12,34,0.037
2020-04-13,27,0.029
2020-04-14,37,0.04
2020-04-15,42,0.045
2020-04-16,44,0.048
2020-04-17,41,0.044
2020-04-18,30,0.032
2020-04-19,33,0.036
2020-04-20,34,0.037
2020-04-21,44,0.047
2020-04-22,33,0.036
2020-04-23,42,0.045
2020-04-24,48,0.052
2020-04-25,39,0.042
2020-04-26,44,0.048
2020-04-27,41,0.044
2020-04-28,40,0.043
2020-04-29,44,0.047
2020-04-30,45,0.049
2020-05-01,48,0.052
2020-05-02,49,0.053
2020-05-03,42,0.045
2020-05-04,34,0.037
2020-05-05,36,0.039
2020-05-06,46,0.05
2020-05-07,48,0.052
2020-05-08,35,0.038
2020-05-09,38,0.041
2020-05-10,43,0.046
2020-05-11,41,0.044
2020-05-12,44,0.047
2020-05-13,40,0.043
2020-05-14,31,0.034
2020-05-15,29,0.031
2020-05-16,26,0.028
2020-05-17,40,0.043
2020-05-18,43,0.046
2020-05-19,34,0.037
2020-05-20,43,0.046
2020-05-21,33,0.036
2020-05-22,33,0.036
2020-05-23,26,0.028
2020-05-24,29,0.031
2020-05-25,31,0.033
2020-05-26,28,0.03
2020-05-27,43,0.046
2020-05-28,41,0.044
2020-05-29,45,0.049
2020-05-30,46,0.05
2020-05-31,43,0.046
2020-06-01,44,0.047
2020-06-02,43,0.046
2020-06-03,28,0.03
2020-06-04,26,0.028
2020-06-05,33,0.036
2020-06-06,27,0.029
2020-06-07,19,0.02
2020-06-08,24,0.026
2020-06-09,20,0.022
2020-06-10,44,0.047
2020-06-11,40,0.043
2020-06-12,50,0.054
2020-06-13,46,0.05
2020-06-14,43,0.046
2020-06-15,45,0.049
2020-06-16,49,0.053
2020-06-17,49,0.053
2020-06-18,54,0.056
2020-06-19,49,0.053
2020-06-20,42,0.045
2020-06-21,26,0.028
2020-06-22,24,0.026
2020-06-23,31,0.034
2020-06-24,28,0.03
2020-06-25,19,0.021
2020-06-26,19,0.02
2020-06-27,18,0.019
2020-06-28,18,0.019
2020-06-29,21,0.023
2020-06-30,17,0.018
2020-07-01,20,0.022
2020-07-02,22,0.024
2020-07-03,34,0.037
2020-07-04,32,0.035
2020-07-05,34,0.037
2020-07-06,33,0.036
2020-07-07,29,0.031
2020-07-08,17,0.018
2020-07-09,24,0.026
2020-07-10,28,0.03
2020-07-11,51,0.055
2020-07-12,38,0.041
2020-07-13,47,0.051
2020-07-14,42,0.045
2020-07-15,25,0.027
2020-07-16,29,0.031
2020-07-17,34,0.037
2020-07-18,37,0.04
2020-07-22,22,0.024
2020-07-23,29,0.031
2020-07-24,21,0.023
2020-07-25,22,0.024
2020-07-26,19,0.02
2020-07-27,27,0.029
2020-07-28,32,0.035
2020-07-29,24,0.026
2020-07-30,18,0.019
2020-07-31,29,0.031
2020-08-01,36,0.039
2020-08-02,36,0.039
2020-08-03,38,0.041
2020-08-04,43,0.046
2020-08-05,40,0.043
2020-08-06,49,0.053
2020-08-07,49,0.053
2020-08-08,43,0.046
2020-08-09,46,0.05
2020-08-10,37,0.04
2020-08-11,31,0.034
2020-08-12,29,0.031
2020-08-13,30,0.032
2020-08-14,28,0.03
2020-08-15,34,0.037
2020-08-16,36,0.039
2020-08-17,35,0.038
2020-08-18,40,0.043
2020-08-19,42,0.045
2020-08-20,34,0.037
2020-08-21,43,0.046
2020-08-22,40,0.043
2020-08-23,34,0.037
2020-08-24,22,0.024
2020-08-25,16,0.017
2020-08-26,19,0.021
2020-08-27,19,0.021
2020-08-28,20,0.022
2020-08-29,29,0.031
2020-08-30,23,0.025
2020-08-31,21,0.023
2020-09-01,21,0.023
2020-09-02,20,0.022
2020-09-03,16,0.017
2020-09-04,27,0.029
2020-09-05,31,0.034
2020-09-06,40,0.043
2020-09-07,42,0.045
2020-09-08,33,0.036
2020-09-09,38,0.041
2020-09-10,35,0.038
2020-09-11,27,0.029
2020-09-12,21,0.023
2020-09-13,21,0.023
2020-09-14,21,0.023
2020-09-15,23,0.025
2020-09-16,26,0.028
2020-09-17,44,0.047
2020-09-18,42,0.045
2020-09-19,31,0.034
2020-09-20,36,0.039
2020-09-21,30,0.032
2020-09-22,28,0.03
2020-09-23,20,0.022
2020-09-24,19,0.021
2020-09-25,22,0.024
2020-09-26,26,0.028
2020-09-27,34,0.037
2020-09-28,30,0.032
2020-09-29,31,0.034
2020-09-30,32,0.035
2020-10-01,38,0.041
2020-10-02,36,0.039
2020-10-03,34,0.037
2020-10-04,41,0.044
2020-10-05,34,0.037
2020-10-06,41,0.044
2020-10-07,29,0.031
2020-10-08,23,0.025
2020-10-09,23,0.025
2020-10-10,20,0.022
2020-10-11,19,0.02
2020-10-12,26,0.028
2020-10-13,36,0.039
2020-10-14,40,0.043
2020-10-15,43,0.046
2020-10-16,26,0.028
2020-10-17,36,0.039
2020-10-18,37,0.04
2020-10-19,27,0.029
2020-10-20,33,0.036
2020-10-21,29,0.031
2020-10-22,26,0.028
2020-10-23,31,0.033
2020-10-24,7,0.008
2020-10-25,13,0.014
2020-10-26,18,0.019
2020-10-27,17,0.018
2020-10-28,14,0.015
2020-10-29,29,0.031
2020-10-30,25,0.027
2020-10-31,31,0.034
2020-11-01,35,0.038
2020-11-02,34,0.037
2020-11-03,33,0.036
2020-11-04,36,0.039
2020-11-05,41,0.044
2020-11-06,30,0.032
2020-11-07,30,0.032
2020-11-08,23,0.025
2020-11-09,21,0.023
2020-11-10,14,0.015
2020-11-11,21,0.023
2020-11-12,32,0.035
2020-11-13,36,0.039
2020-11-14,38,0.041
2020-11-15,36,0.039
2020-11-16,32,0.035
2020-11-17,35,0.038
2020-11-18,32,0.035
2020-11-19,34,0.037
2020-11-20,33,0.036
2020-11-21,32,0.035
2020-11-22,33,0.036
2020-11-23,31,0.033
2020-11-24,32,0.035
2020-11-25,30,0.032
2020-11-26,25,0.027
2020-11-27,14,0.015
2020-11-28,16,0.017
2020-11-29,26,0.028
2020-11-30,31,0.033
2020-12-01,27,0.029
2020-12-02,30,0.032
2020-12-03,21,0.023
2020-12-04,27,0.029
2020-12-05,27,0.029
2020-12-06,16,0.017
2020-12-07,31,0.033
2020-12-08,31,0.034
2020-12-09,34,0.037
2020-12-10,45,0.049
2020-12-11,29,0.031
2020-12-12,29,0.031
2020-12-13,22,0.024
2020-12-14,21,0.023
2020-12-15,18,0.019
2020-12-16,22,0.024
2020-12-17,29,0.031
2020-12-18,28,0.03
2020-12-19,30,0.032
2020-12-20,25,0.027
2020-12-21,29,0.031
2020-12-22,31,0.034
2020-12-23,28,0.03
2020-12-24,32,0.035
2020-12-25,34,0.037
2020-12-26,33,0.036
2020-12-27,36,0.039
2020-12-28,25,0.027
2020-12-29,32,0.035
2020-12-30,30,0.032
2020-12-31,19,0.021
2021-01-01,30,0.032
2021-01-02,20,0.022
2021-01-03,31,0.034
2021-01-04,35,0.038
2021-01-05,32,0.035
2021-01-06,29,0.031
2021-01-07,21,0.023
2021-01-08,27,0.029
2021-01-09,29,0.031
2021-01-10,26,0.028
2021-01-11,23,0.025
2021-01-12,27,0.029
2021-01-13,31,0.033
2021-01-14,36,0.039
2021-01-15,34,0.037
2021-01-16,29,0.031
2021-01-17,35,0.038
2021-01-18,34,0.037
2021-01-19,31,0.034
2021-01-20,24,0.026
2021-01-21,20,0.022
2021-01-22,17,0.018
2021-01-23,24,0.026
2021-01-24,19,0.02
2021-01-25,22,0.024
2021-01-26,31,0.033
2021-01-27,27,0.029
2021-01-28,31,0.033
2021-01-29,32,0.035
2021-01-30,34,0.037
2021-01-31,30,0.032
2021-02-01,34,0.037
2021-02-02,32,0.035
2021-02-03,33,0.036
2021-02-04,36,0.039
2021-02-05,29,0.031
2021-02-06,30,0.032
2021-02-07,30,0.032
2021-02-08,30,0.032
2021-02-09,32,0.035
2021-02-10,27,0.029
2021-02-11,19,0.02
2021-02-12,25,0.027
2021-02-13,26,0.028
2021-02-14,20,0.022
2021-02-15,31,0.033
2021-02-16,34,0.037
2021-02-17,29,0.031
2021-02-18,38,0.041
2021-02-19,44,0.047
2021-02-20,38,0.041
2021-02-21,39,0.042
2021-02-22,39,0.042
2021-02-23,44,0.047
2021-02-24,39,0.042
2021-02-25,28,0.03
2021-02-26,25,0.027
2021-02-27,24,0.026
2021-02-28,27,0.029
2021-03-01,27,0.029
2021-03-02,30,0.032
2021-03-03,39,0.042
2021-03-04,44,0.047
2021-03-05,35,0.038
2021-03-06,43,0.046
2021-03-07,44,0.048
2021-03-08,44,0.047
2021-03-09,46,0.05
2021-03-10,40,0.043
2021-03-11,38,0.041
2021-03-12,35,0.038
2021-03-13,38,0.041
2021-03-14,36,0.039
2021-03-15,32,0.035
2021-03-16,24,0.026
2021-03-17,28,0.03
2021-03-18,35,0.038
2021-03-19,31,0.034
2021-03-20,30,0.032
2021-03-21,49,0.053
2021-03-22,41,0.044
2021-03-23,30,0.032
2021-03-24,35,0.038
2021-03-25,31,0.034
2021-03-26,36,0.039
2021-03-27,24,0.026
2021-03-28,41,0.044
2021-03-29,44,0.047
2021-03-30,26,0.028
2021-03-31,37,0.04
2021-04-01,46,0.05
2021-04-02,44,0.047
2021-04-03,48,0.052
2021-04-04,50,0.054
2021-04-05,48,0.052
2021-04-06,33,0.036
2021-04-07,32,0.035
2021-04-08,41,0.044
2021-04-09,38,0.041
2021-04-10,44,0.047
2021-04-11,45,0.049
2021-04-12,48,0.052
2021-04-13,36,0.039
2021-04-14,26,0.028
2021-04-15,38,0.041
2021-04-16,32,0.035
2021-04-17,34,0.037
2021-04-18,36,0.039
2021-04-19,42,0.045
2021-04-20,45,0.049
2021-04-21,41,0.044
2021-04-22,45,0.049
2021-04-23,31,0.034
2021-04-24,38,0.041
2021-04-25,42,0.045
2021-04-26,43,0.046
2021-04-27,25,0.027
2021-04-28,29,0.031
2021-04-29,25,0.027
2021-04-30,30,0.032
2021-05-01,40,0.043
2021-05-02,33,0.036
2021-05-03,26,0.028
2021-05-04,34,0.037
2021-05-05,30,0.032
2021-05-06,43,0.046
2021-05-07,45,0.049
2021-05-08,46,0.05
2021-05-09,37,0.04
2021-05-10,25,0.027
2021-05-11,19,0.021
2021-05-12,25,0.027
2021-05-13,40,0.043
2021-05-14,43,0.046
2021-05-15,44,0.047
2021-05-16,45,0.049
2021-05-17,30,0.032
2021-05-18,28,0.03
2021-05-19,32,0.035
2021-05-20,31,0.034
2021-05-21,39,0.042
2021-05-22,42,0.045
2021-05-23,41,0.044
2021-05-24,40,0.043
2021-05-25,36,0.039
2021-05-26,32,0.035
2021-05-27,41,0.044
2021-05-28,40,0.043
2021-05-29,37,0.04
2021-05-30,31,0.033
2021-05-31,43,0.046
2021-06-01,34,0.037
2021-06-02,23,0.025
2021-06-03,40,0.043
2021-06-04,35,0.038
2021-06-05,27,0.029
2021-06-06,22,0.024
2021-06-07,22,0.024
2021-06-08,19,0.021
2021-06-09,24,0.026
2021-06-10,23,0.025
2021-06-11,23,0.025
2021-06-12,30,0.032
2021-06-13,34,0.037
2021-06-14,34,0.037
2021-06-15,35,0.038
2021-06-16,46,0.05
2021-06-17,51,0.055
2021-06-18,39,0.042
2021-06-19,21,0.023
2021-06-20,29,0.031
2021-06-21,23,0.025
2021-06-22,38,0.041
2021-06-23,34,0.037
2021-06-24,36,0.039
2021-06-25,22,0.024
2021-06-26,25,0.027
2021-06-27,17,0.018
2021-06-28,20,0.022
2021-06-29,22,0.024
2021-06-30,29,0.031
2021-07-01,32,0.035
2021-07-02,28,0.03
2021-07-03,40,0.043
2021-07-04,38,0.041
2021-07-05,34,0.037
2021-07-06,23,0.025
2021-07-07,29,0.031
2021-07-08,24,0.026
2021-07-09,24,0.026
2021-07-10,19,0.021
2021-07-11,27,0.029
2021-07-12,33,0.036
2021-07-13,27,0.029
2021-07-14,38,0.041
2021-07-15,28,0.03
2021-07-16,20,0.022
2021-07-17,19,0.021
2021-07-18,18,0.019
2021-07-19,26,0.028
2021-07-20,29,0.031
2021-07-21,23,0.025
2021-07-22,38,0.041
2021-07-23,40,0.043
2021-07-24,29,0.031
2021-07-25,34,0.037
2021-07-26,36,0.039
2021-07-27,67,0.06
2021-07-28,51,0.055
2021-07-29,44,0.048
2021-07-30,39,0.042
2021-07-31,40,0.043
2021-08-01,40,0.043
2021-08-02,32,0.035
2021-08-03,44,0.047
2021-08-04,47,0.051
2021-08-05,51,0.055
2021-08-06,42,0.045
2021-08-07,49,0.053
2021-08-08,32,0.035
2021-08-09,19,0.021
2021-08-10,23,0.025
2021-08-11,34,0.037
2021-08-12,39,0.042
2021-08-13,46,0.05
2021-08-14,36,0.039
2021-08-15,36,0.039
2021-08-16,35,0.038
2021-08-17,37,0.04
2021-08-18,31,0.034
2021-08-19,23,0.025
2021-08-20,16,0.017
2021-08-21,25,0.027
2021-08-22,36,0.039
2021-08-23,34,0.037
2021-08-24,44,0.047
2021-08-25,44,0.047
2021-08-26,24,0.026
2021-08-27,26,0.028
2021-08-28,24,0.026
2021-08-29,19,0.021
2021-08-30,16,0.017
2021-08-31,25,0.027
2021-09-01,40,0.043
2021-09-02,39,0.042
2021-09-03,45,0.049
2021-09-04,48,0.052
2021-09-05,37,0.04
2021-09-06,34,0.037
2021-09-07,40,0.043
2021-09-08,44,0.048
2021-09-09,48,0.052
2021-09-10,40,0.043
2021-09-11,46,0.05
2021-09-12,33,0.036
2021-09-13,24,0.026
2021-09-14,22,0.024
2021-09-15,24,0.026
2021-09-16,14,0.015
2021-09-17,20,0.022
2021-09-18,30,0.032
2021-09-19,25,0.027
2021-09-20,27,0.029
2021-09-21,35,0.038
2021-09-22,35,0.038
2021-09-23,36,0.039
2021-09-24,42,0.045
2021-09-25,46,0.05
2021-09-26,50,0.054
2021-09-27,47,0.051
2021-09-28,19,0.02
2021-09-29,23,0.025
2021-09-30,27,0.029
2021-10-01,36,0.039
2021-10-02,25,0.027
2021-10-03,29,0.031
2021-10-04,39,0.042
2021-10-05,34,0.037
2021-10-06,41,0.044
2021-10-07,45,0.049
2021-10-08,61,0.058
2021-10-09,47,0.051
2021-10-10,44,0.048
2021-10-11,35,0.038
2021-10-12,25,0.027
2021-10-13,30,0.032
2021-10-14,30,0.032
2021-10-15,29,0.031
2021-10-16,36,0.039
2021-10-17,38,0.041
2021-10-18,40,0.043
2021-10-19,44,0.048
2021-10-20,32,0.035
2021-10-21,37,0.04
2021-10-22,48,0.052
2021-10-23,40,0.043
2021-10-24,34,0.037
2021-10-25,40,0.043
2021-10-26,33,0.036
2021-10-27,25,0.027
2021-10-28,25,0.027
2021-10-29,22,0.024
2021-10-30,24,0.026
2021-10-31,33,0.036
2021-11-01,33,0.036
2021-11-02,29,0.031
2021-11-03,21,0.023
2021-11-04,24,0.026
2021-11-05,12,0.013
2021-11-06,31,0.034
2021-11-07,36,0.039
2021-11-08,21,0.023
2021-11-09,31,0.034
2021-11-10,36,0.039
2021-11-11,31,0.033
2021-11-12,32,0.035
2021-11-13,27,0.029
2021-11-14,33,0.036
2021-11-15,36,0.039
2021-11-16,38,0.041
2021-11-17,35,0.038
2021-11-18,21,0.023
2021-11-19,31,0.034
2021-11-20,31,0.034
2021-11-21,28,0.03
2021-11-22,33,0.036
2021-11-23,30,0.032
2021-11-24,32,0.035
2021-11-25,21,0.023
2021-11-26,24,0.026
2021-11-27,24,0.026
2021-11-28,21,0.023
2021-11-29,18,0.019
2021-11-30,32,0.035
2021-12-01,34,0.037
2021-12-02,40,0.043
2021-12-03,38,0.041
2021-12-04,28,0.03
2021-12-05,31,0.033
2021-12-06,23,0.025
2021-12-07,19,0.02
2021-12-08,24,0.026
2021-12-09,9,0.01
2021-12-10,19,0.02
2021-12-11,24,0.026
2021-12-12,28,0.03
2021-12-13,21,0.023
2021-12-14,22,0.024
2021-12-15,20,0.022
2021-12-16,25,0.027
2021-12-17,23,0.025
2021-12-18,22,0.024
2021-12-19,22,0.024
2021-12-20,21,0.023
2021-12-21,28,0.03
2021-12-22,29,0.031
2021-12-23,33,0.036
2021-12-24,39,0.042
2021-12-25,31,0.033
2021-12-26,27,0.029
2021-12-27,30,0.032
2021-12-28,22,0.024
2021-12-29,23,0.025
2021-12-30,25,0.027
2021-12-31,27,0.029
2022-01-01,23,0.025
2022-01-02,28,0.03
2022-01-03,29,0.031
2022-01-04,23,0.025
2022-01-05,30,0.032
2022-01-06,24,0.026
2022-01-07,25,0.027
2022-01-08,31,0.034
2022-01-09,26,0.028
2022-01-10,31,0.033
2022-01-11,32,0.035
2022-01-12,31,0.033
2022-01-13,38,0.041
2022-01-14,32,0.035
2022-01-15,27,0.029
2022-01-16,22,0.024
2022-01-17,31,0.033
2022-01-18,32,0.035
2022-01-19,38,0.041
2022-01-20,24,0.026
2022-01-21,23,0.025
2022-01-22,32,0.035
2022-01-23,36,0.039
2022-01-24,37,0.04
2022-01-25,24,0.026
2022-01-26,32,0.035
2022-01-27,35,0.038
2022-01-28,36,0.039
2022-01-29,35,0.038
2022-01-30,43,0.046
2022-01-31,44,0.047
2022-02-01,43,0.046
2022-02-02,31,0.034
2022-02-03,25,0.027
2022-02-04,31,0.033
2022-02-05,37,0.04
2022-02-06,40,0.043
2022-02-07,43,0.046
2022-02-08,38,0.041
2022-02-09,47,0.051
2022-02-10,49,0.053
2022-02-11,64,0.059
2022-02-12,35,0.038
2022-02-13,35,0.038
2022-02-14,42,0.045
2022-02-15,45,0.049
2022-02-16,40,0.043
2022-02-17,27,0.029
2022-02-18,35,0.038
2022-02-19,41,0.044
2022-02-20,38,0.041
2022-02-21,31,0.033
2022-02-22,28,0.03
2022-02-23,10,0.011
2022-02-24,15,0.016
2022-02-25,21,0.023
2022-02-26,15,0.016
2022-02-27,29,0.031
2022-02-28,44,0.048
2022-03-01,44,0.048
2022-03-02,67,0.06
2022-03-03,84,0.065
2022-03-04,84,0.065
2022-03-05,40,0.043
2022-03-06,31,0.033
2022-03-07,26,0.028
2022-03-08,25,0.027
2022-03-09,29,0.031
2022-03-10,42,0.045
2022-03-11,44,0.047
2022-03-12,43,0.046
2022-03-13,44,0.047
2022-03-14,42,0.045
2022-03-15,32,0.035
2022-03-16,33,0.036
2022-03-17,41,0.044
2022-03-18,41,0.044
2022-03-19,43,0.046
2022-03-20,49,0.053
2022-03-21,51,0.055
2022-03-22,35,0.038
2022-03-23,39,0.042
2022-03-24,48,0.052
2022-03-25,44,0.048
2022-03-26,45,0.049
2022-03-27,54,0.056
2022-03-28,44,0.047
2022-03-29,58,0.057
2022-03-30,44,0.047
2022-03-31,38,0.041
2022-04-01,41,0.044
2022-04-02,41,0.044
2022-04-03,47,0.051
2022-04-04,48,0.052
2022-04-05,40,0.043
2022-04-06,44,0.047
2022-04-07,40,0.043
2022-04-08,40,0.043
2022-04-09,46,0.05
2022-04-10,64,0.059
2022-04-11,35,0.038
2022-04-12,33,0.036
2022-04-13,32,0.035
2022-04-14,43,0.046
2022-04-15,37,0.04
2022-04-16,29,0.031
2022-04-17,22,0.024
2022-04-18,36,0.039
2022-04-19,42,0.045
2022-04-20,42,0.045
2022-04-21,40,0.043
2022-04-22,43,0.046
2022-04-23,37,0.04
2022-04-24,36,0.039
2022-04-25,33,0.036
2022-04-26,41,0.044
2022-04-27,47,0.051
2022-04-28,61,0.058
2022-04-29,46,0.05
2022-04-30,43,0.046
2022-05-01,44,0.047
2022-05-02,31,0.034
2022-05-03,30,0.032
2022-05-04,33,0.036
2022-05-05,30,0.032
2022-05-06,45,0.049
2022-05-07,46,0.05
2022-05-08,39,0.042
2022-05-09,33,0.036
2022-05-10,37,0.04
2022-05-11,46,0.05
2022-05-12,47,0.051
2022-05-13,38,0.041
2022-05-14,44,0.047
2022-05-15,45,0.049
2022-05-16,51,0.055
2022-05-17,50,0.054
2022-05-18,39,0.042
2022-05-19,44,0.047
2022-05-20,42,0.045
2022-05-21,31,0.034
2022-05-22,33,0.036
2022-05-23,29,0.031
2022-05-24,26,0.028
2022-05-25,24,0.026
2022-05-26,51,0.055
2022-05-27,43,0.046
2022-05-28,44,0.048
2022-05-29,51,0.055
2022-05-30,44,0.047
2022-05-31,28,0.03
2022-06-01,37,0.04
2022-06-02,32,0.035
2022-06-03,36,0.039
2022-06-04,48,0.052
2022-06-05,64,0.059
2022-06-06,38,0.041
2022-06-07,34,0.037
2022-06-08,30,0.032
2022-06-09,44,0.047
2022-06-10,31,0.034
2022-06-11,42,0.045
2022-06-12,27,0.029
2022-06-13,20,0.022
2022-06-14,22,0.024
2022-06-15,42,0.045
2022-06-16,34,0.037
2022-06-17,58,0.057
2022-06-18,46,0.05
2022-06-19,50,0.054
2022-06-20,49,0.053
2022-06-21,50,0.054
2022-06-22,48,0.052
2022-06-23,64,0.059
2022-06-24,74,0.062
2022-06-25,74,0.062
2022-06-26,54,0.056
2022-06-27,39,0.042
2022-06-28,48,0.052
2022-06-29,40,0.043
2022-06-30,35,0.038
2022-07-01,30,0.032
2022-07-02,25,0.027
2022-07-03,26,0.028
2022-07-04,27,0.029
2022-07-05,26,0.028
2022-07-06,32,0.035
2022-07-07,34,0.037
2022-07-08,34,0.037
2022-07-09,43,0.046
2022-07-10,41,0.044
2022-07-11,37,0.04
2022-07-12,41,0.044
2022-07-13,44,0.047
2022-07-14,74,0.062
2022-07-15,43,0.046
2022-07-16,35,0.038
2022-07-17,35,0.038
2022-07-18,31,0.034
2022-07-19,30,0.032
2022-07-20,28,0.03
2022-07-21,43,0.046
2022-07-22,43,0.046
2022-07-23,43,0.046
2022-07-24,25,0.027
2022-07-25,31,0.033
2022-07-26,29,0.031
2022-07-27,31,0.034
2022-07-28,29,0.031
2022-07-29,31,0.033
2022-07-30,20,0.022
2022-07-31,26,0.028
2022-08-01,32,0.035
2022-08-02,23,0.025
2022-08-03,28,0.03
2022-08-04,32,0.035
2022-08-05,31,0.033
2022-08-06,27,0.029
2022-08-07,30,0.032
2022-08-08,43,0.046
2022-08-09,27,0.029
2022-08-10,31,0.034
2022-08-11,36,0.039
2022-08-12,31,0.033
2022-08-13,39,0.042
2022-08-14,31,0.033
2022-08-15,34,0.037
2022-08-16,38,0.041
2022-08-17,34,0.037
2022-08-18,31,0.034
2022-08-19,34,0.037
2022-08-20,24,0.026
2022-08-21,22,0.024
2022-08-22,20,0.022
2022-08-23,21,0.023
2022-08-24,28,0.03
2022-08-25,23,0.025
2022-08-26,23,0.025
2022-08-27,31,0.034
2022-08-28,32,0.035
2022-08-29,32,0.035
2022-08-30,26,0.028
2022-08-31,42,0.045
2022-09-01,47,0.051
2022-09-02,47,0.051
2022-09-03,44,0.048
2022-09-04,29,0.031
2022-09-05,26,0.028
2022-09-06,31,0.034
2022-09-07,39,0.042
2022-09-08,40,0.043
2022-09-09,31,0.033
2022-09-10,37,0.04
2022-09-11,32,0.035
2022-09-12,34,0.037
2022-09-13,43,0.046
2022-09-14,46,0.05
2022-09-15,58,0.057
2022-09-16,47,0.051
2022-09-17,43,0.046
2022-09-18,42,0.045
2022-09-19,37,0.04
2022-09-20,43,0.046
2022-09-21,44,0.047
2022-09-22,51,0.055
2022-09-23,44,0.048
2022-09-24,54,0.056
2022-09-25,50,0.054
2022-09-26,44,0.047
2022-09-27,40,0.043
2022-09-28,42,0.045
2022-09-29,39,0.042
2022-09-30,40,0.043
2022-10-01,41,0.044
2022-10-02,39,0.042
2022-10-03,38,0.041
2022-10-04,40,0.043
2022-10-05,43,0.046
2022-10-06,61,0.058
2022-10-07,61,0.058
2022-10-08,39,0.042
2022-10-09,43,0.046
2022-10-10,48,0.052
2022-10-11,49,0.053
2022-10-12,29,0.031
2022-10-13,46,0.05
2022-10-14,43,0.046
2022-10-15,61,0.058
2022-10-16,44,0.048
2022-10-17,36,0.039
2022-10-18,39,0.042
2022-10-19,27,0.029
2022-10-20,44,0.047
2022-10-21,49,0.053
2022-10-22,54,0.056
2022-10-23,39,0.042
2022-10-24,39,0.042
2022-10-25,38,0.041
2022-10-26,37,0.04
2022-10-27,31,0.034
2022-10-28,33,0.036
2022-10-29,27,0.029
2022-10-30,25,0.027
2022-10-31,35,0.038
2022-11-01,35,0.038
2022-11-02,42,0.045
2022-11-03,40,0.043
2022-11-04,34,0.037
2022-11-05,36,0.039
2022-11-06,24,0.026
2022-11-07,30,0.032
2022-11-08,29,0.031
2022-11-09,42,0.045
2022-11-10,37,0.04
2022-11-11,41,0.044
2022-11-12,26,0.028
2022-11-13,24,0.026
2022-11-14,25,0.027
2022-11-15,28,0.03
2022-11-16,31,0.033
2022-11-17,33,0.036
2022-11-18,36,0.039
2022-11-19,26,0.028
2022-11-20,33,0.036
2022-11-21,30,0.032
2022-11-22,30,0.032
2022-11-23,41,0.044
2022-11-24,31,0.033
2022-11-25,20,0.022
2022-11-26,28,0.03
2022-11-27,37,0.04
2022-11-28,20,0.022
2022-11-29,22,0.024
2022-11-30,31,0.033
2022-12-01,29,0.031
2022-12-02,31,0.033
2022-12-03,25,0.027
2022-12-04,18,0.019
2022-12-05,18,0.019
2022-12-06,22,0.024
2022-12-07,27,0.029
2022-12-08,24,0.026
2022-12-09,21,0.023
2022-12-10,19,0.021
2022-12-11,21,0.023
2022-12-12,9,0.01
2022-12-13,22,0.024
2022-12-14,28,0.03
2022-12-15,27,0.029
2022-12-16,34,0.037
2022-12-17,31,0.034
2022-12-18,35,0.038
2022-12-19,25,0.027
2022-12-20,25,0.027
2022-12-21,19,0.021
2022-12-22,31,0.033
2022-12-23,31,0.034
2022-12-24,32,0.035
2022-12-25,34,0.037
2022-12-26,31,0.034
2022-12-27,28,0.03
2022-12-28,38,0.041
2022-12-29,32,0.035
2022-12-30,32,0.035
2022-12-31,27,0.029
2023-01-01,31,0.034
2023-01-02,22,0.024
2023-01-03,27,0.029
2023-01-04,37,0.04
2023-01-05,38,0.041
2023-01-06,35,0.038
2023-01-07,40,0.043
2023-01-08,26,0.028
2023-01-09,31,0.033
2023-01-10,29,0.031
2023-01-11,29,0.031
2023-01-12,34,0.037
2023-01-13,33,0.036
2023-01-14,31,0.034
2023-01-15,34,0.037
2023-01-16,33,0.036
2023-01-17,32,0.035
2023-01-18,35,0.038
2023-01-19,36,0.039
2023-01-20,31,0.033
2023-01-21,26,0.028
2023-01-22,30,0.032
2023-01-23,28,0.03
2023-01-24,28,0.03
2023-01-25,31,0.034
2023-01-26,35,0.038
2023-01-27,38,0.041
2023-01-28,40,0.043
2023-01-29,28,0.03
2023-01-30,22,0.024
2023-01-31,19,0.02
2023-02-01,16,0.017
2023-02-02,19,0.021
2023-02-03,34,0.037
2023-02-04,34,0.037
2023-02-05,44,0.047
2023-02-06,41,0.044
2023-02-07,30,0.032
2023-02-08,30,0.032
2023-02-09,42,0.045
2023-02-10,39,0.042
2023-02-11,31,0.033
2023-02-12,40,0.043
2023-02-13,51,0.055
2023-02-14,45,0.049
2023-02-15,32,0.035
2023-02-16,33,0.036
2023-02-17,35,0.038
2023-02-18,39,0.042
2023-02-19,42,0.045
2023-02-20,32,0.035
2023-02-21,26,0.028
2023-02-22,35,0.038
2023-02-23,34,0.037
2023-02-24,32,0.035
2023-02-25,27,0.029
2023-02-26,27,0.029
2023-02-27,32,0.035
2023-02-28,49,0.053
2023-03-01,29,0.031
2023-03-02,27,0.029
2023-03-03,41,0.044
2023-03-04,40,0.043
2023-03-05,45,0.049
2023-03-06,29,0.031
2023-03-07,43,0.046
2023-03-08,31,0.034
2023-03-09,32,0.035
2023-03-10,29,0.031
2023-03-11,29,0.031
2023-03-12,28,0.03
2023-03-13,41,0.044
2023-03-14,42,0.045
2023-03-15,49,0.053
2023-03-16,45,0.049
2023-03-17,39,0.042
2023-03-18,45,0.049
2023-03-19,44,0.048
2023-03-20,44,0.048
2023-03-21,47,0.051
2023-03-22,43,0.046
2023-03-23,37,0.04
2023-03-24,33,0.036
2023-03-25,50,0.054
2023-03-26,44,0.047
2023-03-27,45,0.049
2023-03-28,49,0.053
2023-03-29,49,0.053
2023-03-30,58,0.057
2023-03-31,38,0.041
2023-04-01,48,0.052
2023-04-02,44,0.047
2023-04-03,25,0.027
2023-04-04,33,0.036
2023-04-05,40,0.043
2023-04-06,28,0.03
2023-04-07,21,0.023
2023-04-08,23,0.025
2023-04-09,32,0.035
2023-04-10,44,0.047
2023-04-11,46,0.05
2023-04-12,44,0.047
2023-04-13,38,0.041
2023-04-14,48,0.052
2023-04-15,31,0.033
2023-04-16,45,0.049
2023-04-17,51,0.055
2023-04-18,58,0.057
2023-04-19,50,0.054
2023-04-20,61,0.058
2023-04-21,40,0.043
2023-04-22,51,0.055
2023-04-23,41,0.044
2023-04-24,43,0.046
2023-04-25,51,0.055
2023-04-26,47,0.051
2023-04-27,38,0.041
2023-04-28,45,0.049
2023-04-29,44,0.047
2023-04-30,51,0.055
2023-05-01,50,0.054
2023-05-02,58,0.057
2023-05-03,80,0.064
2023-05-04,93,0.068
2023-05-05,46,0.05
2023-05-06,35,0.038
2023-05-07,32,0.035
2023-05-08,35,0.038
2023-05-09,35,0.038
2023-05-10,26,0.028
2023-05-11,48,0.052
2023-05-12,32,0.035
2023-05-13,44,0.047
2023-05-14,44,0.048
2023-05-15,37,0.04
2023-05-16,43,0.046
2023-05-17,44,0.047
2023-05-18,44,0.048
2023-05-19,47,0.051
2023-05-20,49,0.053
2023-05-21,45,0.049
2023-05-22,77,0.063
2023-05-23,38,0.041
2023-05-24,38,0.041
2023-05-25,77,0.063
2023-05-26,74,0.062
2023-05-27,49,0.053
2023-05-28,58,0.057
2023-05-29,93,0.068
2023-05-30,51,0.055
2023-05-31,49,0.053
2023-06-01,50,0.054
2023-06-02,51,0.055
2023-06-03,51,0.055
2023-06-04,77,0.063
2023-06-05,49,0.053
2023-06-06,54,0.056
2023-06-07,74,0.062
2023-06-08,115,0.075
2023-06-09,97,0.069
2023-06-10,80,0.064
2023-06-11,58,0.057
2023-06-12,43,0.046
2023-06-13,42,0.045
2023-06-14,31,0.033
2023-06-15,41,0.044
2023-06-16,36,0.039
2023-06-22,43,0.046
2023-06-23,93,0.068
2023-06-24,50,0.054
2023-06-25,38,0.041
2023-06-26,39,0.042
2023-06-27,33,0.036
2023-06-28,43,0.046
2023-06-29,45,0.049
2023-06-30,42,0.045
2023-07-01,43,0.046
2023-07-02,42,0.045
2023-07-03,41,0.044
2023-07-04,33,0.036
2023-07-05,30,0.032
2023-07-06,29,0.031
2023-07-07,35,0.038
2023-07-08,30,0.032
2023-07-09,27,0.029
2023-07-10,35,0.038
2023-07-11,28,0.03
2023-07-12,22,0.024
2023-07-13,19,0.02
2023-07-14,24,0.026
2023-07-15,30,0.032
2023-07-16,44,0.047
2023-07-17,58,0.057
2023-07-18,33,0.036
2023-07-19,35,0.038
2023-07-20,30,0.032
2023-07-21,35,0.038
2023-07-22,43,0.046
2023-07-23,46,0.05
2023-07-24,49,0.053
2023-07-25,71,0.061
2023-07-26,93,0.068
2023-07-27,74,0.062
2023-07-28,77,0.063
2023-07-29,47,0.051
2023-07-30,44,0.047
2023-07-31,46,0.05
2023-08-01,50,0.054
2023-08-02,51,0.055
2023-08-03,51,0.055
2023-08-04,46,0.05
2023-08-05,41,0.044
2023-08-06,38,0.041
2023-08-07,34,0.037
2023-08-08,38,0.041
2023-08-09,27,0.029
2023-08-10,28,0.03
2023-08-11,36,0.039
2023-08-12,31,0.033
2023-08-13,33,0.036
2023-08-14,45,0.049
2023-08-15,43,0.046
2023-08-16,44,0.047
2023-08-17,50,0.054
2023-08-18,71,0.061
2023-08-19,77,0.063
2023-08-20,58,0.057
2023-08-21,44,0.048
2023-08-22,35,0.038
2023-08-23,54,0.056
2023-08-24,74,0.062
2023-08-25,77,0.063
2023-08-26,67,0.06
2023-08-27,49,0.053
2023-08-28,39,0.042
2023-08-29,41,0.044
2023-08-30,64,0.059
2023-08-31,54,0.056
2023-09-01,48,0.052
2023-09-02,42,0.045
2023-09-03,38,0.041
2023-09-04,35,0.038
2023-09-05,31,0.034
2023-09-06,37,0.04
2023-09-07,49,0.053
2023-09-08,51,0.055
2023-09-09,46,0.05
2023-09-10,49,0.053
2023-09-11,64,0.059
2023-09-12,80,0.064
2023-09-13,37,0.04
2023-09-14,41,0.044
2023-09-15,51,0.055
2023-09-16,90,0.067
2023-09-17,80,0.064
2023-09-18,47,0.051
2023-09-19,84,0.065
2023-09-20,54,0.056
2023-09-21,49,0.053
2023-09-22,50,0.054
2023-09-23,51,0.055
2023-09-24,39,0.042
2023-09-25,43,0.046
2023-09-26,42,0.045
2023-09-27,46,0.05
2023-09-28,35,0.038
2023-09-29,45,0.049
2023-09-30,54,0.056
2023-10-01,51,0.055
2023-10-02,42,0.045
2023-10-03,48,0.052
2023-10-04,61,0.058
2023-10-05,37,0.04
2023-10-06,41,0.044
2023-10-07,35,0.038
2023-10-08,37,0.04
2023-10-09,48,0.052
2023-10-10,101,0.071
2023-10-11,31,0.034
2023-10-12,31,0.033
2023-10-13,45,0.049
2023-10-14,28,0.03
2023-10-15,28,0.03
2023-10-16,31,0.034
2023-10-17,47,0.051
2023-10-18,45,0.049
2023-10-19,43,0.046
2023-10-20,50,0.054
2023-10-21,48,0.052
2023-10-22,90,0.067
2023-10-23,67,0.06
2023-10-24,45,0.049
2023-10-25,42,0.045
2023-10-26,34,0.037
2023-10-27,38,0.041
2023-10-28,40,0.043
2023-10-29,40,0.043
2023-10-30,10,0.011
2023-10-31,24,0.026
2023-11-01,31,0.033
2023-11-02,25,0.027
2023-11-03,44,0.047
2023-11-04,46,0.05
2023-11-05,49,0.053
2023-11-06,47,0.051
2023-11-07,41,0.044
2023-11-08,44,0.048
2023-11-09,40,0.043
2023-11-10,27,0.029
2023-11-11,26,0.028
2023-11-12,19,0.02
2023-11-13,21,0.023
2023-11-14,31,0.033
2023-11-15,31,0.034
2023-11-16,27,0.029
2023-11-17,27,0.029
2023-11-18,37,0.04
2023-11-19,38,0.041
2023-11-20,37,0.04
2023-11-21,20,0.022
2023-11-22,29,0.031
2023-11-23,19,0.02
2023-11-24,29,0.031
2023-11-25,34,0.037
2023-11-26,31,0.034
2023-11-27,30,0.032
2023-11-28,38,0.041
2023-11-29,37,0.04
2023-11-30,40,0.043
2023-12-01,27,0.029
2023-12-02,20,0.022
2023-12-03,31,0.034
2023-12-04,38,0.041
2023-12-05,32,0.035
2023-12-06,31,0.034
2023-12-07,31,0.033
2023-12-08,31,0.034
2023-12-09,31,0.034
2023-12-10,32,0.035
2023-12-11,32,0.035
2023-12-12,32,0.035
2023-12-13,34,0.037
2023-12-14,36,0.039
2023-12-15,37,0.04
2023-12-16,24,0.026
2023-12-17,30,0.032
2023-12-18,32,0.035
2023-12-19,33,0.036
2023-12-20,33,0.036
2023-12-21,30,0.032
2023-12-22,35,0.038
2023-12-23,37,0.04
2023-12-24,32,0.035
2023-12-25,26,0.028
2023-12-26,31,0.034
2023-12-27,33,0.036
2023-12-28,30,0.032
2023-12-29,32,0.035
2023-12-30,28,0.03
2023-12-31,44,0.047
2024-01-01,29,0.031
2024-01-02,27,0.029
2024-01-03,28,0.03
2024-01-04,31,0.033
2024-01-05,25,0.027
2024-01-06,28,0.03
2024-01-07,32,0.035
2024-01-08,31,0.033
2024-01-09,23,0.025
2024-01-10,32,0.035
2024-01-11,37,0.04
2024-01-12,37,0.04
2024-01-13,33,0.036
2024-01-14,22,0.024
2024-01-15,30,0.032
2024-01-16,38,0.041
2024-01-17,35,0.038
2024-01-18,29,0.031
2024-01-19,39,0.042
2024-01-20,34,0.037
2024-01-21,34,0.037
2024-01-22,35,0.038
2024-01-23,30,0.032
2024-01-24,20,0.022
2024-01-25,21,0.023
2024-01-26,23,0.025
2024-01-27,26,0.028
2024-01-28,22,0.024
2024-01-29,31,0.034
2024-01-30,44,0.048
2024-01-31,35,0.038
2024-02-01,32,0.035
2024-02-02,44,0.047
2024-02-03,44,0.048
2024-02-04,39,0.042
2024-02-05,34,0.037
2024-02-06,42,0.045
2024-02-07,41,0.044
2024-02-08,41,0.044
2024-02-09,31,0.034
2024-02-10,36,0.039
2024-02-11,31,0.033
2024-02-12,25,0.027
2024-02-13,36,0.039
2024-02-14,39,0.042
2024-02-15,46,0.05
2024-02-16,40,0.043
2024-02-17,35,0.038
2024-02-18,41,0.044
2024-02-19,39,0.042
2024-02-20,51,0.055
2024-02-21,51,0.055
2024-02-22,43,0.046
2024-02-23,47,0.051
2024-02-24,44,0.047
2024-02-25,64,0.059
2024-02-26,50,0.054
2024-02-27,44,0.047
2024-02-28,37,0.04
2024-02-29,36,0.039
2024-03-01,25,0.027
2024-03-02,30,0.032
2024-03-03,28,0.03
2024-03-04,19,0.02
2024-03-06,22,0.024
2024-03-07,34,0.037
2024-03-08,33,0.036
2024-03-09,27,0.029
2024-03-10,44,0.047
2024-03-11,45,0.049
2024-03-12,50,0.054
2024-03-13,39,0.042
2024-03-14,28,0.03
2024-03-15,29,0.031
2024-03-16,31,0.034
2024-03-17,41,0.044
2024-03-18,43,0.046
2024-03-19,45,0.049
2024-03-20,49,0.053
2024-03-21,48,0.052
2024-03-22,40,0.043
2024-03-23,43,0.046
2024-03-24,44,0.047
2024-03-25,42,0.045
2024-03-26,42,0.045
2024-03-27,40,0.043
2024-03-28,47,0.051
2024-03-29,49,0.053
2024-03-30,50,0.054
2024-03-31,41,0.044
2024-04-01,38,0.041
2024-04-02,38,0.041
2024-04-03,45,0.049
2024-04-04,51,0.055
2024-04-05,58,0.057
2024-04-06,46,0.05
2024-04-07,51,0.055
2024-04-08,41,0.044
2024-04-09,36,0.039
2024-04-10,42,0.045
2024-04-11,47,0.051
2024-04-12,49,0.053
2024-04-13,67,0.06
2024-04-14,50,0.054
2024-04-15,44,0.047
2024-04-16,41,0.044
2024-04-17,31,0.033
2024-04-18,26,0.028
2024-04-19,33,0.036
2024-04-20,31,0.034
2024-04-21,44,0.047
2024-04-22,50,0.054
2024-04-23,54,0.056
2024-04-24,48,0.052
2024-04-25,47,0.051
2024-04-26,47,0.051
2024-04-27,48,0.052
2024-04-28,34,0.037
2024-04-29,41,0.044
2024-04-30,41,0.044
2024-05-01,51,0.055
2024-05-02,28,0.03
2024-05-03,31,0.033
2024-05-04,43,0.046
2024-05-05,27,0.029
2024-05-06,31,0.034
2024-05-07,28,0.03
2024-05-08,33,0.036
2024-05-09,35,0.038
2024-05-10,58,0.057
2024-05-11,50,0.054
2024-05-12,36,0.039
2024-05-13,38,0.041
2024-05-14,44,0.048
2024-05-15,64,0.059
2024-05-16,58,0.057
2024-05-17,41,0.044
2024-05-18,48,0.052
2024-05-19,50,0.054
2024-05-20,49,0.053
2024-05-21,38,0.041
2024-05-22,37,0.04
2024-05-23,39,0.042
2024-05-24,34,0.037
2024-05-25,32,0.035
2024-05-26,34,0.037
2024-05-27,49,0.053
2024-05-28,49,0.053
2024-05-29,44,0.047
2024-05-30,39,0.042
2024-05-31,37,0.04
2024-06-01,44,0.047
2024-06-02,44,0.047
2024-06-03,45,0.049
2024-06-04,37,0.04
2024-06-05,31,0.033
2024-06-06,41,0.044
2024-06-07,51,0.055
2024-06-08,67,0.06
2024-06-09,47,0.051
2024-06-10,40,0.043
2024-06-11,44,0.048
2024-06-12,58,0.057
2024-06-13,58,0.057
2024-06-14,61,0.058
2024-06-15,46,0.05
2024-06-16,35,0.038
2024-06-17,17,0.018
2024-06-18,24,0.026
2024-06-19,30,0.032
2024-06-20,43,0.046
2024-06-21,44,0.047
2024-06-22,47,0.051
2024-06-23,44,0.047
2024-06-24,34,0.037
2024-06-25,44,0.047
2024-06-26,24,0.026
2024-06-27,38,0.041
2024-06-28,44,0.047
2024-06-29,22,0.024
2024-06-30,27,0.029
2024-07-01,42,0.045
2024-07-02,61,0.058
2024-07-03,47,0.051
2024-07-04,36,0.039
2024-07-05,24,0.026
2024-07-06,42,0.045
2024-07-07,36,0.039
2024-07-08,19,0.021
2024-07-09,30,0.032
2024-07-10,44,0.048
2024-07-11,64,0.059
2024-07-12,93,0.068
2024-07-13,47,0.051
2024-07-14,36,0.039
2024-07-15,27,0.029
2024-07-16,22,0.024
2024-07-17,30,0.032
2024-07-18,36,0.039
2024-07-19,30,0.032
2024-07-20,35,0.038
2024-07-21,36,0.039
2024-07-22,39,0.042
2024-07-23,26,0.028
2024-07-24,20,0.022
2024-07-25,23,0.025
2024-07-26,19,0.021
2024-07-27,26,0.028
2024-07-28,20,0.022
2024-07-29,18,0.019
2024-07-30,22,0.024
2024-07-31,25,0.027
2024-08-01,30,0.032
2024-08-02,31,0.034
2024-08-03,48,0.052
2024-08-04,48,0.052
2024-08-05,37,0.04
2024-08-06,36,0.039
2024-08-07,61,0.058
2024-08-08,44,0.048
2024-08-09,51,0.055
2024-08-10,43,0.046
2024-08-11,44,0.047
2024-08-12,77,0.063
2024-08-13,50,0.054
2024-08-14,41,0.044
2024-08-15,47,0.051
2024-08-16,40,0.043
2024-08-17,46,0.05
2024-08-18,45,0.049
2024-08-19,42,0.045
2024-08-20,51,0.055
2024-08-21,71,0.061
2024-08-22,80,0.064
2024-08-23,43,0.046
2024-08-24,51,0.055
2024-08-25,41,0.044
2024-08-26,50,0.054
2024-08-27,49,0.053
2024-08-28,40,0.043
2024-08-29,26,0.028
2024-08-30,26,0.028
2024-08-31,20,0.022
2024-09-01,28,0.03
2024-09-02,38,0.041
2024-09-03,45,0.049
2024-09-04,36,0.039
2024-09-05,27,0.029
2024-09-06,30,0.032
2024-09-07,34,0.037
2024-09-08,41,0.044
2024-09-09,44,0.048
2024-09-10,25,0.027
2024-09-11,28,0.03
2024-09-12,25,0.027
2024-09-13,34,0.037
2024-09-14,33,0.036
2024-09-15,27,0.029
2024-09-16,31,0.033
2024-09-17,29,0.031
2024-09-18,38,0.041
2024-09-19,42,0.045
2024-09-20,44,0.048
2024-09-21,45,0.049
2024-09-22,49,0.053
2024-09-23,43,0.046
2024-09-24,42,0.045
2024-09-25,34,0.037
2024-09-26,41,0.044
2024-09-27,44,0.048
2024-09-28,46,0.05
2024-09-29,37,0.04
2024-09-30,35,0.038
2024-10-01,40,0.043
2024-10-02,48,0.052
2024-10-03,42,0.045
2024-10-04,33,0.036
2024-10-05,44,0.047
2024-10-06,42,0.045
2024-10-07,46,0.05
2024-10-08,47,0.051
2024-10-09,77,0.063
2024-10-10,47,0.051
2024-10-11,71,0.061
2024-10-12,93,0.068
2024-10-13,80,0.064
2024-10-14,43,0.046
2024-10-15,45,0.049
2024-10-16,35,0.038
2024-10-17,40,0.043
2024-10-18,44,0.047
2024-10-19,45,0.049
2024-10-20,48,0.052
2024-10-21,21,0.023
2024-10-22,36,0.039
2024-10-23,33,0.036
2024-10-24,67,0.06
2024-10-25,43,0.046
2024-10-26,44,0.048
2024-10-27,45,0.049
2024-10-28,47,0.051
2024-10-29,41,0.044
2024-10-30,40,0.043
2024-10-31,33,0.036
2024-11-01,19,0.02
2024-11-02,30,0.032
2024-11-03,32,0.035
2024-11-04,31,0.033
2024-11-05,31,0.033
2024-11-06,25,0.027
2024-11-07,14,0.015
2024-11-08,18,0.019
2024-11-09,22,0.024
2024-11-10,26,0.028
2024-11-11,42,0.045
2024-11-12,38,0.041
2024-11-13,19,0.02
2024-11-14,34,0.037
2024-11-15,31,0.033
2024-11-16,32,0.035
2024-11-17,37,0.04
2024-11-18,37,0.04
2024-11-19,40,0.043
2024-11-20,37,0.04
2024-11-21,38,0.041
2024-11-22,27,0.029
2024-11-23,30,0.032
2024-11-24,44,0.047
2024-11-25,36,0.039
2024-11-26,17,0.018
2024-11-27,24,0.026
2024-11-28,31,0.033
2024-11-29,30,0.032
2024-11-30,36,0.039
2024-12-01,39,0.042
2024-12-02,31,0.034
2024-12-03,31,0.034
2024-12-04,24,0.026
2024-12-05,35,0.038
2024-12-06,25,0.027
2024-12-07,29,0.031
2024-12-08,31,0.033
2024-12-09,19,0.02
2024-12-10,27,0.029
2024-12-11,36,0.039
2024-12-12,32,0.035
2024-12-13,28,0.03
2024-12-14,33,0.036
2024-12-15,31,0.033
2024-12-16,26,0.028
2024-12-17,26,0.028
2024-12-18,33,0.036
2024-12-19,27,0.029
2024-12-20,31,0.033
2024-12-21,28,0.03
2024-12-22,32,0.035
2024-12-23,36,0.039
2024-12-24,40,0.043
2024-12-25,32,0.035
2024-12-26,26,0.028
2024-12-27,27,0.029
2024-12-28,36,0.039
2024-12-29,36,0.039
2024-12-30,41,0.044
2024-12-31,35,0.038
2025-01-01,31,0.034
2025-01-02,28,0.03
2025-01-03,34,0.037
2025-01-04,35,0.038
2025-01-05,35,0.038
2025-01-06,33,0.036
2025-01-07,29,0.031
2025-01-08,34,0.037
2025-01-09,32,0.035
2025-01-10,31,0.034
2025-01-11,36,0.039
2025-01-12,31,0.033
2025-01-13,38,0.041
2025-01-14,36,0.039
2025-01-15,31,0.033
2025-01-16,42,0.045
2025-01-17,37,0.04
2025-01-18,37,0.04
2025-01-19,34,0.037
2025-01-20,38,0.041
2025-01-21,35,0.038
2025-01-22,39,0.042
2025-01-23,42,0.045
2025-01-24,40,0.043
2025-01-25,44,0.047
2025-01-26,34,0.037
2025-01-27,28,0.03
2025-01-28,32,0.035
2025-01-29,29,0.031
2025-01-30,37,0.04
2025-01-31,42,0.045
2025-02-01,37,0.04
2025-02-02,44,0.047
2025-02-03,41,0.044
2025-02-04,30,0.032
2025-02-05,26,0.028
2025-02-06,25,0.027
2025-02-07,26,0.028
2025-02-08,28,0.03
2025-02-09,20,0.022
2025-02-10,22,0.024
2025-02-11,14,0.015
2025-02-12,24,0.026
2025-02-13,25,0.027
2025-02-14,31,0.033
2025-02-15,31,0.033
2025-02-16,32,0.035
2025-02-17,36,0.039
2025-02-18,34,0.037
2025-02-19,31,0.033
2025-02-20,36,0.039
2025-02-21,38,0.041
2025-02-22,32,0.035
2025-02-23,28,0.03
2025-02-24,33,0.036
2025-02-25,39,0.042
2025-02-26,46,0.05
2025-02-27,41,0.044
2025-02-28,49,0.053
2025-03-01,45,0.049
2025-03-02,41,0.044
2025-03-03,39,0.042
2025-03-04,42,0.045
2025-03-05,40,0.043
2025-03-06,44,0.047
2025-03-07,45,0.049
2025-03-08,37,0.04
2025-03-09,37,0.04
2025-03-10,46,0.05
2025-03-11,48,0.052
2025-03-12,51,0.055
2025-03-13,41,0.044
2025-03-14,34,0.037
2025-03-15,33,0.036
2025-03-16,41,0.044
2025-03-17,44,0.048
2025-03-18,67,0.06
2025-03-19,42,0.045
2025-03-20,40,0.043
2025-03-21,45,0.049
2025-03-22,67,0.06
2025-03-23,39,0.042
2025-03-24,38,0.041
2025-03-25,45,0.049
2025-03-26,41,0.044
2025-03-27,44,0.048
2025-03-28,49,0.053
2025-03-29,37,0.04
2025-03-30,31,0.033
2025-03-31,26,0.028
2025-04-01,28,0.03
2025-04-02,25,0.027
2025-04-03,30,0.032
2025-04-04,26,0.028
2025-04-05,31,0.034
2025-04-06,31,0.034
2025-04-07,44,0.048
2025-04-08,58,0.057
2025-04-09,54,0.056
2025-04-10,80,0.064
2025-04-11,48,0.052
2025-04-12,44,0.048
2025-04-13,54,0.056
2025-04-14,47,0.051
2025-04-15,50,0.054
2025-04-16,61,0.058
2025-04-17,61,0.058
2025-04-18,49,0.053
2025-04-19,49,0.053
2025-04-20,35,0.038
2025-04-21,33,0.036
2025-04-22,28,0.03
2025-04-23,31,0.034
2025-04-24,30,0.032
2025-04-25,31,0.033
2025-04-26,44,0.048
2025-04-27,38,0.041
2025-04-28,38,0.041
2025-04-29,36,0.039
2025-04-30,38,0.041
2025-05-01,42,0.045
2025-05-02,36,0.039
2025-05-03,42,0.045
2025-05-04,42,0.045
2025-05-05,58,0.057
2025-05-06,35,0.038
2025-05-07,32,0.035
2025-05-08,46,0.05
2025-05-09,27,0.029
2025-05-10,29,0.031
2025-05-11,37,0.04
2025-05-12,31,0.034
2025-05-13,42,0.045
2025-05-14,61,0.058
2025-05-15,40,0.043
2025-05-16,28,0.03
2025-05-17,33,0.036
2025-05-18,25,0.027
2025-05-19,29,0.031
2025-05-20,29,0.031
2025-05-21,50,0.054
2025-05-22,67,0.06
2025-05-23,43,0.046
2025-05-24,25,0.027
2025-05-25,40,0.043
2025-05-26,30,0.032
2025-05-27,32,0.035
2025-05-28,41,0.044
2025-05-29,36,0.039
2025-05-30,36,0.039
2025-05-31,44,0.048
2025-06-01,44,0.048
2025-06-02,44,0.047
2025-06-03,45,0.049
2025-06-04,42,0.045
2025-06-05,38,0.041
2025-06-06,31,0.034
2025-06-07,26,0.028
2025-06-08,33,0.036
2025-06-09,36,0.039
2025-06-10,45,0.049
2025-06-11,47,0.051
2025-06-12,26,0.028
2025-06-13,32,0.035
2025-06-14,24,0.026
2025-06-15,20,0.022
2025-06-16,19,0.021
2025-06-17,26,0.028
2025-06-18,23,0.025
2025-06-19,30,0.032
2025-06-20,19,0.021
2025-06-21,23,0.025
2025-06-22,40,0.043
2025-06-23,43,0.046
2025-06-24,40,0.043
2025-06-25,37,0.04
2025-06-26,38,0.041
2025-06-27,41,0.044
2025-06-28,44,0.048
2025-06-29,29,0.031
2025-06-30,26,0.028
2025-07-01,34,0.037
2025-07-02,42,0.045
2025-07-03,43,0.046
2025-07-04,48,0.052
2025-07-05,50,0.054
2025-07-06,42,0.045
2025-07-07,39,0.042
2025-07-08,32,0.035
2025-07-09,29,0.031
2025-07-10,27,0.029
2025-07-11,29,0.031
2025-07-12,21,0.023
2025-07-13,24,0.026
2025-07-14,26,0.028
2025-07-15,31,0.033
2025-07-16,32,0.035
2025-07-17,33,0.036
2025-07-18,30,0.032
2025-07-19,26,0.028
2025-07-20,19,0.02
2025-07-21,26,0.028
2025-07-22,31,0.034
2025-07-23,32,0.035
2025-07-24,33,0.036
2025-07-25,27,0.029
2025-07-26,25,0.027
2025-07-27,24,0.026
2025-07-28,28,0.03
2025-07-29,38,0.041
2025-07-30,45,0.049
2025-07-31,40,0.043
2025-08-01,46,0.05
2025-08-02,33,0.036
2025-08-03,40,0.043
2025-08-04,40,0.043
2025-08-05,33,0.036
2025-08-06,37,0.04
2025-08-07,37,0.04
2025-08-08,34,0.037
2025-08-09,32,0.035
2025-08-10,27,0.029
2025-08-11,27,0.029
2025-08-12,33,0.036
2025-08-13,33,0.036
2025-08-14,36,0.039
2025-08-15,39,0.042
2025-08-16,35,0.038
2025-08-17,38,0.041
2025-08-18,42,0.045
2025-08-19,44,0.047
2025-08-20,37,0.04
2025-08-21,44,0.047
2025-08-22,41,0.044
2025-08-23,44,0.047
2025-08-24,43,0.046
2025-08-25,36,0.039
2025-08-26,41,0.044
2025-08-27,45,0.049
2025-08-28,32,0.035
2025-08-29,25,0.027
2025-08-30,32,0.035
2025-08-31,39,0.042
2025-09-01,40,0.043
2025-09-02,43,0.046
2025-09-03,37,0.04
2025-09-04,44,0.047
2025-09-05,39,0.042
2025-09-06,40,0.043
2025-09-07,34,0.037
2025-09-08,40,0.043
2025-09-09,31,0.034
2025-09-10,42,0.045
2025-09-11,48,0.052
2025-09-12,48,0.052
2025-09-13,50,0.054
2025-09-14,58,0.057
2025-09-15,49,0.053
2025-09-16,49,0.053
2025-09-17,49,0.053
2025-09-18,61,0.058
2025-09-19,50,0.054
2025-09-20,61,0.058
2025-09-21,47,0.051
2025-09-22,44,0.048
2025-09-23,37,0.04
2025-09-24,21,0.023
2025-09-25,37,0.04
2025-09-26,40,0.043
2025-09-27,47,0.051
2025-09-28,43,0.046
2025-09-29,45,0.049
2025-09-30,44,0.048
2025-10-01,40,0.043
2025-10-02,43,0.046
2025-10-03,35,0.038
2025-10-04,34,0.037
2025-10-05,29,0.031
2025-10-06,27,0.029
2025-10-07,32,0.035
2025-10-08,28,0.03
2025-10-09,38,0.041
2025-10-10,36,0.039
2025-10-11,42,0.045
2025-10-12,47,0.051
2025-10-13,48,0.052
2025-10-14,50,0.054
2025-10-15,48,0.052
2025-10-16,64,0.059
2025-10-17,50,0.054
2025-10-18,35,0.038
2025-10-19,36,0.039
2025-10-20,33,0.036
2025-10-21,27,0.029
2025-10-22,34,0.037
2025-10-23,38,0.041
2025-10-24,42,0.045
2025-10-25,33,0.036
2025-10-26,29,0.031
2025-10-27,29,0.031
2025-10-28,26,0.028
2025-10-29,23,0.025
2025-10-30,31,0.033
2025-10-31,35,0.038
2025-11-01,33,0.036
2025-11-02,31,0.033
2025-11-03,31,0.034
2025-11-04,34,0.037
2025-11-05,40,0.043
2025-11-06,39,0.042
2025-11-07,31,0.033
2025-11-08,32,0.035
2025-11-09,28,0.03
2025-11-10,31,0.033
2025-11-11,30,0.032
2025-11-12,35,0.038
2025-11-13,35,0.038
2025-11-14,35,0.038
2025-11-15,34,0.037
2025-11-16,31,0.034
2025-11-17,34,0.037
2025-11-18,29,0.031
2025-11-19,25,0.027
2025-11-20,28,0.03
2025-11-21,20,0.022
2025-11-22,38,0.041
2025-11-23,23,0.025
2025-11-24,35,0.038
2025-11-25,31,0.033
2025-11-26,33,0.036
2025-11-27,34,0.037
2025-11-28,32,0.035
2025-11-29,26,0.028
2025-11-30,18,0.019
2025-12-01,14,0.015
2025-12-02,27,0.029
2025-12-03,20,0.022
2025-12-04,28,0.03
2025-12-05,11,0.012
2025-12-06,19,0.021
2025-12-07,28,0.03
2025-12-08,19,0.021
2025-12-09,20,0.022
2025-12-10,33,0.036
2025-12-11,28,0.03
2025-12-12,29,0.031
2025-12-13,19,0.02
2025-12-14,31,0.033
2025-12-15,27,0.029
2025-12-16,28,0.03
2025-12-17,27,0.029
2025-12-18,31,0.034
2025-12-19,34,0.037
2025-12-20,36,0.039
2025-12-21,19,0.02
2025-12-22,25,0.027
2025-12-23,31,0.034
2025-12-24,32,0.035
2025-12-25,26,0.028
2025-12-26,25,0.027
2025-12-27,21,0.023
2025-12-28,29,0.031
2025-12-29,31,0.033
2025-12-30,26,0.028
2025-12-31,25,0.027
